r,t,M,D,K,S,num_points,num_missed,error,acc,spr_error,spr_perc,runtime,rep_time,cluster_time
0,0,9,6,5,30,150,83,0.5533333333333333,0.44666666666666666,0.43883594598678916,4.0,5.0449195580149535,1.6224058259977028,3.4225137320172507
0,1,9,6,5,30,150,83,0.5533333333333333,0.44666666666666666,0.48174315664992956,7.333333333333334,0.23855280497809872,0.0056871639972087,0.23286564098089002
0,2,9,6,5,30,150,98,0.6533333333333333,0.3466666666666667,0.48953471225216383,7.333333333333334,0.24399395799264312,0.005482098989887163,0.23851185900275595
0,3,9,6,5,30,150,98,0.6533333333333333,0.3466666666666667,0.5208667844860005,5.333333333333334,0.244164047006052,0.0058291470049880445,0.23833490000106394
0,4,9,6,5,30,150,81,0.54,0.45999999999999996,0.47089604566316373,6.000000000000001,0.2413128100160975,0.005265651008812711,0.2360471590072848
0,5,9,6,5,30,150,92,0.6133333333333333,0.3866666666666667,0.4986038313714587,4.0,0.24461157200857997,0.0058446910115890205,0.23876688099699095
0,6,9,6,5,30,150,89,0.5933333333333334,0.4066666666666666,0.4498082042470806,8.666666666666668,0.2360771429957822,0.0054126369941513985,0.2306645060016308
0,7,9,6,5,30,150,89,0.5933333333333334,0.4066666666666666,0.4692194349769979,8.0,0.23279429000103846,0.004673982999520376,0.22812030700151809
0,8,9,6,5,30,150,106,0.7066666666666667,0.29333333333333333,0.5580595667181453,2.666666666666667,0.23805702599929646,0.004358450009021908,0.23369857599027455
0,9,9,6,5,30,150,72,0.48,0.52,0.45393833753631424,3.333333333333334,0.24248305798391812,0.0053313649841584265,0.2371516929997597
0,10,9,6,5,30,150,72,0.48,0.52,0.45864087363142114,9.333333333333334,0.23292785001103766,0.0054411460005212575,0.2274867040105164
0,11,9,6,5,30,150,93,0.62,0.38,0.4898917340961228,5.333333333333334,0.2406875989981927,0.0038400199846364558,0.23684757901355624
0,12,9,6,5,30,150,103,0.6866666666666666,0.31333333333333335,0.5134167245782485,5.333333333333334,0.24002357700373977,0.004670118010835722,0.23535345899290405
0,13,9,6,5,30,150,95,0.6333333333333333,0.3666666666666667,0.504708583784562,4.666666666666667,0.2337769390142057,0.004530445003183559,0.22924649401102215
0,14,9,6,5,30,150,88,0.5866666666666667,0.41333333333333333,0.5090150500928919,3.333333333333334,0.23950873498688452,0.004748734005261213,0.2347600009816233
0,15,9,6,5,30,150,91,0.6066666666666667,0.3933333333333333,0.5225747811485257,6.666666666666668,0.2419735639996361,0.0038036080077290535,0.23816995599190705
0,16,9,6,5,30,150,87,0.58,0.42000000000000004,0.4941891574114733,10.666666666666668,0.24016791197936982,0.0047337369760498405,0.23543417500331998
0,17,9,6,5,30,150,89,0.5933333333333334,0.4066666666666666,0.4863508029073197,4.0,0.2388739540183451,0.005415596009697765,0.23345835800864734
0,18,9,6,5,30,150,100,0.6666666666666666,0.33333333333333337,0.47882114201213544,3.333333333333334,0.23888689200975932,0.0036679170152638108,0.2352189749944955
0,19,9,6,5,30,150,84,0.56,0.43999999999999995,0.45145908757111425,7.333333333333334,0.23727234298712574,0.005845228995895013,0.23142711399123073
0,20,9,6,5,30,150,102,0.68,0.31999999999999995,0.531999102604711,2.666666666666667,0.2310234339965973,0.003688607976073399,0.2273348260205239
0,21,9,6,5,30,150,97,0.6466666666666666,0.3533333333333334,0.4756463851538225,4.0,0.2412900140043348,0.004963571991538629,0.23632644201279618
0,22,9,6,5,30,150,101,0.6733333333333333,0.32666666666666666,0.5265035738548459,4.0,0.23629496502690017,0.004885379021288827,0.23140958600561135
0,23,9,6,5,30,150,89,0.5933333333333334,0.4066666666666666,0.4295995547595127,4.666666666666667,0.23152790401945822,0.006316615006653592,0.22521128901280463
0,24,9,6,5,30,150,90,0.6,0.4,0.45522236274436023,9.333333333333334,0.2416566499741748,0.003749828989384696,0.2379068209847901
0,25,9,6,5,30,150,95,0.6333333333333333,0.3666666666666667,0.5205813318955219,4.666666666666667,0.2284245570190251,0.0036901220155414194,0.22473443500348367
0,26,9,6,5,30,150,102,0.68,0.31999999999999995,0.5053362025246344,5.333333333333334,0.23241775398491882,0.0054386739793699235,0.2269790800055489
0,27,9,6,5,30,150,92,0.6133333333333333,0.3866666666666667,0.4931874262953043,4.666666666666667,0.24238337998394854,0.0035566469887271523,0.2388267329952214
0,28,9,6,5,30,150,92,0.6133333333333333,0.3866666666666667,0.5244093783648259,8.666666666666668,0.23627088000648655,0.003608600003644824,0.23266228000284173
0,29,9,6,5,30,150,79,0.5266666666666666,0.4733333333333334,0.45025773994910556,2.666666666666667,0.2368845230084844,0.005877693009097129,0.23100682999938726
0,30,9,6,5,30,150,99,0.66,0.33999999999999997,0.495344158219048,1.3333333333333335,0.23612270099692978,0.0038032119919080287,0.23231948900502175
0,31,9,6,5,30,150,72,0.48,0.52,0.42819842784087486,6.000000000000001,0.22434993300703354,0.0035579639952629805,0.22079196901177056
0,32,9,6,5,30,150,93,0.62,0.38,0.5125817804570189,4.0,0.2334409889881499,0.003597016999265179,0.22984397198888473
0,33,9,6,5,30,150,86,0.5733333333333334,0.42666666666666664,0.4892653620138464,5.333333333333334,0.2269274209975265,0.0035590530023910105,0.2233683679951355
0,34,9,6,5,30,150,101,0.6733333333333333,0.32666666666666666,0.5610786165535797,4.666666666666667,0.23959155898774043,0.0035064959956798702,0.23608506299206056
0,35,9,6,5,30,150,98,0.6533333333333333,0.3466666666666667,0.4912527114782535,6.000000000000001,0.23664425901370123,0.0035075030173175037,0.23313675599638373
0,36,9,6,5,30,150,96,0.64,0.36,0.5013151040483398,6.666666666666668,0.23543226302717812,0.003551397006958723,0.2318808660202194
0,37,9,6,5,30,150,90,0.6,0.4,0.5095549037798651,9.333333333333334,0.23182534499210306,0.0035227280168328434,0.2283026169752702
0,38,9,6,5,30,150,110,0.7333333333333333,0.2666666666666667,0.5001564247099153,2.0,0.23591019798186608,0.005434327991679311,0.23047586999018677
0,39,9,6,5,30,150,96,0.64,0.36,0.4436522891815029,8.666666666666668,0.23463512997841462,0.003647142992122099,0.23098798698629253
0,40,9,6,5,30,150,100,0.6666666666666666,0.33333333333333337,0.5467716702200603,3.333333333333334,0.2403628689935431,0.003631124011008069,0.23673174498253502
0,41,9,6,5,30,150,93,0.62,0.38,0.46136134693185077,11.333333333333334,0.22806735301855952,0.00357856199843809,0.22448879102012143
0,42,9,6,5,30,150,85,0.5666666666666667,0.43333333333333335,0.42955915908130693,4.0,0.23735066101653501,0.004292361991247162,0.23305829902528785
0,43,9,6,5,30,150,87,0.58,0.42000000000000004,0.47968778938259404,6.000000000000001,0.22883500400348566,0.003729646996362135,0.22510535700712353
0,44,9,6,5,30,150,97,0.6466666666666666,0.3533333333333334,0.503803038470951,2.0,0.23661405002349056,0.004226425022352487,0.23238762500113808
0,45,9,6,5,30,150,98,0.6533333333333333,0.3466666666666667,0.4806930497804359,4.0,0.23131359499529935,0.0037256070063449442,0.2275879879889544
0,46,9,6,5,30,150,96,0.64,0.36,0.5521320580248024,3.333333333333334,0.22654141701059416,0.0034953760041389614,0.2230460410064552
0,47,9,6,5,30,150,79,0.5266666666666666,0.4733333333333334,0.49020415276855456,2.666666666666667,0.2376676400017459,0.004217072011670098,0.2334505679900758
0,48,9,6,5,30,150,94,0.6266666666666667,0.3733333333333333,0.5303634249573743,4.0,0.24796145799336955,0.005315550981322303,0.24264590701204725
0,49,9,6,5,30,150,84,0.56,0.43999999999999995,0.4834648513726894,6.000000000000001,0.23952211000141688,0.0035292160173412412,0.23599289398407564
1,0,9,6,5,55,275,173,0.6290909090909091,0.37090909090909085,0.39650352145403245,12.727272727272728,4.60018950299127,1.1674816549930256,3.4327078479982447
1,1,9,6,5,55,275,153,0.5563636363636364,0.4436363636363636,0.4080313432254018,10.181818181818182,0.2499348999990616,0.005514533986570314,0.24442036601249129
1,2,9,6,5,55,275,120,0.43636363636363634,0.5636363636363637,0.37195948790179795,15.636363636363637,0.2363013080030214,0.005681262991856784,0.23062004501116462
1,3,9,6,5,55,275,157,0.5709090909090909,0.4290909090909091,0.4071307020368668,8.363636363636363,0.24493746500229463,0.004879946995060891,0.24005751800723374
1,4,9,6,5,55,275,138,0.5018181818181818,0.49818181818181817,0.38631510705789796,11.636363636363637,0.2507896549941506,0.005957100016530603,0.24483255497762002
1,5,9,6,5,55,275,148,0.5381818181818182,0.4618181818181818,0.4091939445103205,10.90909090909091,0.2485580679785926,0.005571841989876702,0.2429862259887159
1,6,9,6,5,55,275,124,0.4509090909090909,0.5490909090909091,0.37573256222192436,13.818181818181818,0.23100043399608694,0.005763290013419464,0.22523714398266748
1,7,9,6,5,55,275,150,0.5454545454545454,0.4545454545454546,0.3775452795725113,16.363636363636363,0.24079037000774406,0.005553547001909465,0.2352368230058346
1,8,9,6,5,55,275,137,0.49818181818181817,0.5018181818181818,0.3980622928356404,10.545454545454545,0.24602628502179869,0.004916994017548859,0.24110929100424983
1,9,9,6,5,55,275,125,0.45454545454545453,0.5454545454545454,0.42486396326706816,8.0,0.24797601898899302,0.005806564004160464,0.24216945498483256
1,10,9,6,5,55,275,136,0.49454545454545457,0.5054545454545454,0.4129030610995519,12.363636363636363,0.24888135999208316,0.005792275012936443,0.24308908497914672
1,11,9,6,5,55,275,156,0.5672727272727273,0.43272727272727274,0.41035824970757884,11.272727272727273,0.244444273004774,0.006033459008904174,0.23841081399586983
1,12,9,6,5,55,275,170,0.6181818181818182,0.38181818181818183,0.4377846350622684,9.818181818181818,0.23985005999566056,0.005827907007187605,0.23402215298847295
1,13,9,6,5,55,275,135,0.4909090909090909,0.509090909090909,0.38890910791886574,9.090909090909092,0.24244290599017404,0.0057263350172434,0.23671657097293064
1,14,9,6,5,55,275,131,0.4763636363636364,0.5236363636363637,0.4047957232221217,12.727272727272728,0.2450976159889251,0.005353268992621452,0.23974434699630365
1,15,9,6,5,55,275,145,0.5272727272727272,0.4727272727272728,0.39183668629706864,10.181818181818182,0.24912635897635482,0.0036134189867880195,0.2455129399895668
1,16,9,6,5,55,275,126,0.4581818181818182,0.5418181818181818,0.3918307188470507,13.090909090909092,0.24516204700921662,0.00577599200187251,0.2393860550073441
1,17,9,6,5,55,275,94,0.3418181818181818,0.6581818181818182,0.39807052229398815,13.818181818181818,0.24331662300392054,0.004467762017156929,0.2388488609867636
1,18,9,6,5,55,275,123,0.44727272727272727,0.5527272727272727,0.3764443175911368,13.090909090909092,0.23571732599521056,0.005805117980344221,0.22991220801486634
1,19,9,6,5,55,275,140,0.509090909090909,0.49090909090909096,0.3834069082885986,10.545454545454545,0.2447306879912503,0.005516901990631595,0.2392137860006187
1,20,9,6,5,55,275,102,0.3709090909090909,0.6290909090909091,0.34777442474167175,10.545454545454545,0.23011687700636685,0.005584833008470014,0.22453204399789684
1,21,9,6,5,55,275,132,0.48,0.52,0.4211558659434482,13.090909090909092,0.22884335997514427,0.0035740219755098224,0.22526933799963444
1,22,9,6,5,55,275,146,0.5309090909090909,0.4690909090909091,0.4224396426116152,10.181818181818182,0.2409587959991768,0.005820343008963391,0.2351384529902134
1,23,9,6,5,55,275,194,0.7054545454545454,0.29454545454545455,0.3972051734920769,9.454545454545455,0.2303465269797016,0.004801570990821347,0.22554495598888025
1,24,9,6,5,55,275,124,0.4509090909090909,0.5490909090909091,0.3754679440147518,14.181818181818182,0.24392413700115867,0.0054127839975990355,0.23851135300355963
1,25,9,6,5,55,275,141,0.5127272727272727,0.4872727272727273,0.42203036911268943,11.272727272727273,0.24905879300786182,0.0036246460222173482,0.24543414698564447
1,26,9,6,5,55,275,184,0.6690909090909091,0.33090909090909093,0.44457032865334595,8.727272727272727,0.23849122901447117,0.0044843270152341574,0.23400690199923702
1,27,9,6,5,55,275,131,0.4763636363636364,0.5236363636363637,0.3757608321486867,11.272727272727273,0.2372484270017594,0.004236101027345285,0.23301232597441413
1,28,9,6,5,55,275,123,0.44727272727272727,0.5527272727272727,0.4160027438404716,8.363636363636363,0.2427271489868872,0.003661156981252134,0.23906599200563505
1,29,9,6,5,55,275,119,0.43272727272727274,0.5672727272727273,0.367892553353923,8.363636363636363,0.24121456098509952,0.004429122986039147,0.23678543799906038
1,30,9,6,5,55,275,85,0.3090909090909091,0.6909090909090909,0.35792179180559186,9.090909090909092,0.23291675199288875,0.005747151997638866,0.22716959999524988
1,31,9,6,5,55,275,167,0.6072727272727273,0.3927272727272727,0.3915708583110912,11.272727272727273,0.24248755900771357,0.0038057310157455504,0.23868182799196802
1,32,9,6,5,55,275,137,0.49818181818181817,0.5018181818181818,0.4554775801039988,9.454545454545455,0.2400280199944973,0.0035438649938441813,0.23648415500065312
1,33,9,6,5,55,275,168,0.610909090909091,0.38909090909090904,0.42823122626391247,9.090909090909092,0.23680287500610575,0.00355481801670976,0.233248056989396
1,34,9,6,5,55,275,127,0.4618181818181818,0.5381818181818182,0.3905086264888367,10.181818181818182,0.24398321798071265,0.005181607004487887,0.23880161097622477
1,35,9,6,5,55,275,140,0.509090909090909,0.49090909090909096,0.390900840100768,13.818181818181818,0.23618895700201392,0.0036752290034200996,0.23251372799859382
1,36,9,6,5,55,275,136,0.49454545454545457,0.5054545454545454,0.3744959457167733,9.454545454545455,0.2465764560038224,0.004992973001208156,0.24158348300261423
1,37,9,6,5,55,275,130,0.4727272727272727,0.5272727272727273,0.40083989554235316,16.363636363636363,0.24642524000955746,0.0037655160122085363,0.24265972399734892
1,38,9,6,5,55,275,170,0.6181818181818182,0.38181818181818183,0.4204543057443194,7.272727272727273,0.2517017390055116,0.0037054359854664654,0.24799630302004516
1,39,9,6,5,55,275,100,0.36363636363636365,0.6363636363636364,0.4042123014702744,10.181818181818182,0.2500251780147664,0.004118368000490591,0.24590681001427583
1,40,9,6,5,55,275,154,0.56,0.43999999999999995,0.4519833105178949,9.090909090909092,0.24242205001064576,0.004568822012515739,0.23785322799813002
1,41,9,6,5,55,275,113,0.4109090909090909,0.5890909090909091,0.3564459778242427,13.090909090909092,0.23079508199589327,0.0036925960157532245,0.22710248598014005
1,42,9,6,5,55,275,85,0.3090909090909091,0.6909090909090909,0.3569690102435827,12.727272727272728,0.2380643190117553,0.0035310540115460753,0.2345332650002092
1,43,9,6,5,55,275,124,0.4509090909090909,0.5490909090909091,0.3583376530402891,17.454545454545453,0.2503148669784423,0.005782269989140332,0.24453259698930196
1,44,9,6,5,55,275,161,0.5854545454545454,0.41454545454545455,0.3617468403189635,9.454545454545455,0.2448559140029829,0.003621866984758526,0.24123404701822437
1,45,9,6,5,55,275,169,0.6145454545454545,0.3854545454545455,0.4187033817271916,12.363636363636363,0.2331066409824416,0.003512380993925035,0.22959425998851657
1,46,9,6,5,55,275,151,0.5490909090909091,0.4509090909090909,0.4078073314867873,9.454545454545455,0.2398818189976737,0.003615000983700156,0.23626681801397353
1,47,9,6,5,55,275,120,0.43636363636363634,0.5636363636363637,0.37940162996236,15.636363636363637,0.24498640399542637,0.0035515539930202067,0.24143485000240617
1,48,9,6,5,55,275,131,0.4763636363636364,0.5236363636363637,0.41341795811208915,10.545454545454545,0.2330280629976187,0.003467496018856764,0.22956056697876193
1,49,9,6,5,55,275,121,0.44,0.56,0.367685494712064,8.363636363636363,0.24379402698832564,0.00434516801033169,0.23944885897799395
2,0,9,6,5,98,490,256,0.5224489795918368,0.4775510204081632,0.2946700213963015,21.224489795918366,4.780441504000919,1.3083777189895045,3.4720637850114144
2,1,9,6,5,98,490,115,0.23469387755102042,0.7653061224489796,0.3139407244007744,19.183673469387756,0.2629279749817215,0.00545142000191845,0.25747655497980304
2,2,9,6,5,98,490,120,0.24489795918367346,0.7551020408163265,0.334105476085192,22.040816326530614,0.26873687098850496,0.005592977977357805,0.26314389301114716
2,3,9,6,5,98,490,140,0.2857142857142857,0.7142857142857143,0.2830779987741388,24.285714285714285,0.2733757900132332,0.00545279000652954,0.26792300000670366
2,4,9,6,5,98,490,109,0.22244897959183674,0.7775510204081633,0.3019328096858999,21.63265306122449,0.27039996901294217,0.005697387008694932,0.26470258200424723
2,5,9,6,5,98,490,173,0.35306122448979593,0.6469387755102041,0.30914696181272344,23.877551020408163,0.27323129199794494,0.005523083993466571,0.26770820800447837
2,6,9,6,5,98,490,190,0.3877551020408163,0.6122448979591837,0.3401568346322197,18.571428571428573,0.2651701569848228,0.005444971000542864,0.25972518598427996
2,7,9,6,5,98,490,137,0.2795918367346939,0.7204081632653061,0.3281538201047774,24.081632653061224,0.27038681198609993,0.004725167993456125,0.2656616439926438
2,8,9,6,5,98,490,132,0.2693877551020408,0.7306122448979592,0.30643489632684695,19.183673469387756,0.2760582909977529,0.0036810250021517277,0.2723772659956012
2,9,9,6,5,98,490,196,0.4,0.6,0.3190315039336054,24.89795918367347,0.27490452700294554,0.005052491003880277,0.26985203599906527
2,10,9,6,5,98,490,93,0.18979591836734694,0.810204081632653,0.29130198031844395,20.816326530612244,0.2658016660134308,0.005414116021711379,0.2603875499917194
2,11,9,6,5,98,490,149,0.3040816326530612,0.6959183673469388,0.3387498874944956,18.16326530612245,0.27067071601049975,0.004809160018339753,0.26586155599216
2,12,9,6,5,98,490,217,0.44285714285714284,0.5571428571428572,0.3114299899160326,24.285714285714285,0.2771425620012451,0.0059439339966047555,0.27119862800464034
2,13,9,6,5,98,490,235,0.47959183673469385,0.5204081632653061,0.333921879579527,18.775510204081634,0.27615097200032324,0.005547389999264851,0.2706035820010584
2,14,9,6,5,98,490,215,0.4387755102040816,0.5612244897959184,0.3003350814505571,18.979591836734695,0.2696325079887174,0.005547250009840354,0.26408525797887705
2,15,9,6,5,98,490,178,0.363265306122449,0.636734693877551,0.3198061048569126,26.122448979591837,0.26660707499831915,0.00471791997551918,0.26188915502279997
2,16,9,6,5,98,490,257,0.5244897959183673,0.4755102040816327,0.29492459479526056,20.612244897959183,0.26356561700231396,0.005449264019262046,0.2581163529830519
2,17,9,6,5,98,490,185,0.37755102040816324,0.6224489795918368,0.3313099744518187,16.93877551020408,0.2674537929997314,0.0049362660211045295,0.26251752697862685
2,18,9,6,5,98,490,205,0.41836734693877553,0.5816326530612245,0.34474362259738506,20.816326530612244,0.2683326779806521,0.0057710789842531085,0.26256159899639897
2,19,9,6,5,98,490,209,0.42653061224489797,0.573469387755102,0.31287649308894366,17.755102040816325,0.2684322720160708,0.004030597017845139,0.26440167499822564
2,20,9,6,5,98,490,139,0.2836734693877551,0.7163265306122448,0.33494224582461307,17.755102040816325,0.26616482899407856,0.004262670001480728,0.26190215899259783
2,21,9,6,5,98,490,208,0.42448979591836733,0.5755102040816327,0.3040412688717378,22.040816326530614,0.2679745999921579,0.005221357976552099,0.2627532420156058
2,22,9,6,5,98,490,210,0.42857142857142855,0.5714285714285714,0.34116531906375946,22.040816326530614,0.2685667730111163,0.005005156010156497,0.2635616170009598
2,23,9,6,5,98,490,105,0.21428571428571427,0.7857142857142857,0.30509593186380035,20.20408163265306,0.27101787499850616,0.0059847679804079235,0.26503310701809824
2,24,9,6,5,98,490,113,0.23061224489795917,0.7693877551020408,0.28520642047324934,28.16326530612245,0.2673864949902054,0.0039582260069437325,0.26342826898326166
2,25,9,6,5,98,490,202,0.4122448979591837,0.5877551020408163,0.34400292870358234,18.979591836734695,0.2738176040002145,0.003666723001515493,0.270150880998699
2,26,9,6,5,98,490,162,0.3306122448979592,0.6693877551020408,0.3128796924460246,21.224489795918366,0.26894390099914744,0.005399232002673671,0.2635446689964738
2,27,9,6,5,98,490,98,0.2,0.8,0.27656866150054593,22.448979591836736,0.26315764998435043,0.004549781995592639,0.2586078679887578
2,28,9,6,5,98,490,158,0.3224489795918367,0.6775510204081633,0.31142259829463265,20.816326530612244,0.2638844089815393,0.0035342189949005842,0.2603501899866387
2,29,9,6,5,98,490,154,0.3142857142857143,0.6857142857142857,0.3128999311998775,20.816326530612244,0.2688353800040204,0.0035918339854106307,0.2652435460186098
2,30,9,6,5,98,490,149,0.3040816326530612,0.6959183673469388,0.3473347667203171,17.142857142857142,0.2698336119938176,0.003722027991898358,0.26611158400191925
2,31,9,6,5,98,490,166,0.33877551020408164,0.6612244897959183,0.31975487282576365,20.816326530612244,0.260227993974695,0.0038478249916806817,0.2563801689830143
2,32,9,6,5,98,490,299,0.610204081632653,0.38979591836734695,0.3574521733250787,14.285714285714286,0.25673510201158933,0.0038084420084487647,0.25292666000314057
2,33,9,6,5,98,490,183,0.373469387755102,0.6265306122448979,0.30839398718512534,21.42857142857143,0.26651125799980946,0.0034741619892884046,0.26303709601052105
2,34,9,6,5,98,490,168,0.34285714285714286,0.6571428571428571,0.32705601764061265,18.571428571428573,0.26441022101789713,0.004767235019244254,0.2596429859986529
2,35,9,6,5,98,490,236,0.4816326530612245,0.5183673469387755,0.34661357720819924,16.122448979591837,0.26607490799506195,0.004912642005365342,0.2611622659896966
2,36,9,6,5,98,490,111,0.22653061224489796,0.773469387755102,0.30909265940198194,23.26530612244898,0.2677666740200948,0.003892102016834542,0.26387457200326025
2,37,9,6,5,98,490,163,0.3326530612244898,0.6673469387755102,0.3130409541053118,21.42857142857143,0.2614753669768106,0.004474207991734147,0.25700115898507647
2,38,9,6,5,98,490,105,0.21428571428571427,0.7857142857142857,0.2857664694393142,22.653061224489797,0.2645389899844304,0.003869161009788513,0.26066982897464186
2,39,9,6,5,98,490,253,0.5163265306122449,0.48367346938775513,0.33635286451003166,19.591836734693878,0.27640214600251056,0.003938133013434708,0.27246401298907585
2,40,9,6,5,98,490,146,0.2979591836734694,0.7020408163265306,0.3361502683127076,19.591836734693878,0.2634583649924025,0.0052217330085113645,0.25823663198389113
2,41,9,6,5,98,490,189,0.38571428571428573,0.6142857142857143,0.3386733239592174,15.510204081632654,0.2660176520003006,0.004122193000512198,0.2618954589997884
2,42,9,6,5,98,490,153,0.3122448979591837,0.6877551020408164,0.3176140536050768,13.673469387755102,0.2648725969775114,0.004019741987576708,0.2608528549899347
2,43,9,6,5,98,490,191,0.38979591836734695,0.610204081632653,0.3339248343720446,21.224489795918366,0.26963193897972815,0.0037231239839456975,0.26590881499578245
2,44,9,6,5,98,490,133,0.2714285714285714,0.7285714285714286,0.33360946162425004,20.408163265306122,0.2659258380008396,0.005406860000221059,0.2605189780006185
2,45,9,6,5,98,490,285,0.5816326530612245,0.41836734693877553,0.3924104455277975,12.653061224489797,0.26919508501305245,0.0040597810002509505,0.2651353040128015
2,46,9,6,5,98,490,181,0.3693877551020408,0.6306122448979592,0.3413545622473302,20.612244897959183,0.26480906398501247,0.00478829798521474,0.26002076599979773
2,47,9,6,5,98,490,103,0.21020408163265306,0.789795918367347,0.27458827993819146,21.224489795918366,0.2668627499951981,0.0036508670018520206,0.2632118829933461
2,48,9,6,5,98,490,196,0.4,0.6,0.32367020263730156,18.367346938775512,0.25691044999985024,0.0053022199717815965,0.25160823002806865
2,49,9,6,5,98,490,133,0.2714285714285714,0.7285714285714286,0.2870083873512314,23.26530612244898,0.2659804830036592,0.005135258979862556,0.2608452240237966
3,0,9,6,5,177,885,189,0.2135593220338983,0.7864406779661017,0.2651147239534453,27.796610169491526,5.508764992991928,1.9592088099743705,3.5495561830175575
3,1,9,6,5,177,885,138,0.15593220338983052,0.8440677966101695,0.25077386908665583,31.864406779661017,0.30475439300062135,0.0054053490166552365,0.2993490439839661
3,2,9,6,5,177,885,156,0.17627118644067796,0.823728813559322,0.25353368500351725,32.54237288135593,0.29771771500236355,0.006254734005779028,0.2914629809965845
3,3,9,6,5,177,885,124,0.1401129943502825,0.8598870056497175,0.23192363518526055,30.3954802259887,0.2975163089868147,0.00619832199299708,0.2913179869938176
3,4,9,6,5,177,885,185,0.20903954802259886,0.7909604519774012,0.2592783776465614,34.12429378531073,0.29434575099730864,0.006205473997397348,0.2881402769999113
3,5,9,6,5,177,885,258,0.29152542372881357,0.7084745762711864,0.2683656671043233,29.152542372881356,0.2954707890166901,0.005551926005864516,0.2899188630108256
3,6,9,6,5,177,885,153,0.17288135593220338,0.8271186440677967,0.26363280065452904,28.47457627118644,0.30789860599907115,0.006083423999371007,0.30181518199970014
3,7,9,6,5,177,885,125,0.14124293785310735,0.8587570621468926,0.23313152314406457,33.898305084745765,0.30667982701561414,0.006435262999730185,0.30024456401588395
3,8,9,6,5,177,885,139,0.15706214689265538,0.8429378531073446,0.24582025282850112,35.14124293785311,0.3078859639936127,0.006357140984619036,0.30152882300899364
3,9,9,6,5,177,885,259,0.29265536723163843,0.7073446327683616,0.25188746266771017,27.570621468926554,0.30081174700171687,0.0056731039949227124,0.29513864300679415
3,10,9,6,5,177,885,94,0.10621468926553672,0.8937853107344633,0.2041314336987847,40.22598870056497,0.30145088699646294,0.006174099980853498,0.29527678701560944
3,11,9,6,5,177,885,126,0.1423728813559322,0.8576271186440678,0.25079914121950453,32.20338983050848,0.2903156540123746,0.005716984014725313,0.28459866999764927
3,12,9,6,5,177,885,239,0.27005649717514124,0.7299435028248588,0.273155275731461,27.570621468926554,0.3062319250020664,0.005809769994812086,0.30042215500725433
3,13,9,6,5,177,885,401,0.45310734463276836,0.5468926553672316,0.2510339150560914,32.20338983050848,0.30072789700352587,0.005883033998543397,0.29484486300498247
3,14,9,6,5,177,885,225,0.2542372881355932,0.7457627118644068,0.2461033668424008,31.638418079096045,0.2994776299747173,0.0057059190003201365,0.29377171097439714
3,15,9,6,5,177,885,96,0.10847457627118644,0.8915254237288136,0.21365244290720917,33.220338983050844,0.28967888801707886,0.005605690996162593,0.28407319702091627
3,16,9,6,5,177,885,322,0.3638418079096045,0.6361581920903955,0.22510807714522518,32.429378531073446,0.29181661299662665,0.004049025010317564,0.2877675879863091
3,17,9,6,5,177,885,121,0.1367231638418079,0.8632768361581921,0.2419188050497496,33.559322033898304,0.2939665410085581,0.005495616002008319,0.2884709250065498
3,18,9,6,5,177,885,109,0.12316384180790961,0.8768361581920904,0.2270628279329358,34.35028248587571,0.2950158210005611,0.006138109980383888,0.28887771102017723
3,19,9,6,5,177,885,137,0.15480225988700566,0.8451977401129943,0.23782785623556923,31.52542372881356,0.30284460200346075,0.004966587002854794,0.29787801500060596
3,20,9,6,5,177,885,84,0.09491525423728814,0.9050847457627118,0.2246153273412651,35.14124293785311,0.2923638200154528,0.009573641989845783,0.282790178025607
3,21,9,6,5,177,885,140,0.15819209039548024,0.8418079096045198,0.24369099709042888,37.28813559322034,0.2958517459919676,0.004005619994131848,0.29184612599783577
3,22,9,6,5,177,885,165,0.1864406779661017,0.8135593220338984,0.27033496357068293,29.37853107344633,0.29956921201664954,0.006261817004997283,0.29330739501165226
3,23,9,6,5,177,885,141,0.15932203389830507,0.840677966101695,0.25264571668413444,29.83050847457627,0.29804984299698845,0.005330826999852434,0.292719015997136
3,24,9,6,5,177,885,144,0.16271186440677965,0.8372881355932204,0.2545777731739294,31.1864406779661,0.300488034990849,0.004025911999633536,0.29646212299121544
3,25,9,6,5,177,885,136,0.1536723163841808,0.8463276836158192,0.24193366859177579,31.412429378531073,0.30103639501612633,0.00565447099506855,0.2953819240210578
3,26,9,6,5,177,885,92,0.103954802259887,0.896045197740113,0.21845608295441132,31.1864406779661,0.2960417870199308,0.00407741402159445,0.29196437299833633
3,27,9,6,5,177,885,161,0.18192090395480226,0.8180790960451978,0.23656806047641538,32.31638418079096,0.2966254650091287,0.004176760994596407,0.29244870401453227
3,28,9,6,5,177,885,161,0.18192090395480226,0.8180790960451978,0.25989042754285885,27.90960451977401,0.2996165420045145,0.005698789987945929,0.29391775201656856
3,29,9,6,5,177,885,135,0.15254237288135594,0.847457627118644,0.2481484077876894,36.836158192090394,0.2988048400147818,0.00420948100509122,0.2945953590096906
3,30,9,6,5,177,885,130,0.14689265536723164,0.8531073446327684,0.23101122636193425,31.9774011299435,0.2980692860146519,0.005209374998230487,0.2928599110164214
3,31,9,6,5,177,885,115,0.12994350282485875,0.8700564971751412,0.23865019305155324,30.62146892655367,0.3001232309907209,0.0050709449860733,0.2950522860046476
3,32,9,6,5,177,885,105,0.11864406779661017,0.8813559322033898,0.2253390448226935,37.96610169491525,0.29783052299171686,0.004017719998955727,0.29381280299276114
3,33,9,6,5,177,885,191,0.21581920903954802,0.784180790960452,0.2715257515785761,29.152542372881356,0.30320835098973475,0.003961084992624819,0.29924726599710993
3,34,9,6,5,177,885,111,0.12542372881355932,0.8745762711864407,0.22822059883411164,36.72316384180791,0.2947968019871041,0.004652831994462758,0.29014396999264136
3,35,9,6,5,177,885,130,0.14689265536723164,0.8531073446327684,0.23943551634181723,30.73446327683616,0.3039414619852323,0.004175886977463961,0.29976557500776835
3,36,9,6,5,177,885,403,0.4553672316384181,0.5446327683615819,0.3120552306048919,24.63276836158192,0.2992064999998547,0.004006269999081269,0.29520023000077344
3,37,9,6,5,177,885,264,0.2983050847457627,0.7016949152542373,0.26984781166049787,26.892655367231637,0.30059327301569283,0.004886241018539295,0.29570703199715354
3,38,9,6,5,177,885,112,0.12655367231638417,0.8734463276836159,0.21843292643769396,37.40112994350282,0.2991727929911576,0.004043289984110743,0.2951295030070469
3,39,9,6,5,177,885,199,0.2248587570621469,0.7751412429378531,0.29386090884299293,26.214689265536723,0.30267423900659196,0.00393716900725849,0.29873706999933347
3,40,9,6,5,177,885,140,0.15819209039548024,0.8418079096045198,0.25913382595776446,29.03954802259887,0.29700907701044343,0.006388598005287349,0.2906204790051561
3,41,9,6,5,177,885,97,0.1096045197740113,0.8903954802259887,0.21380259604747054,38.07909604519774,0.2960361409932375,0.006188914005178958,0.28984722698805854
3,42,9,6,5,177,885,186,0.21016949152542372,0.7898305084745763,0.2582156565863851,27.90960451977401,0.2998982240096666,0.004182691016467288,0.2957155329931993
3,43,9,6,5,177,885,162,0.18305084745762712,0.8169491525423729,0.2403096269518083,35.706214689265536,0.2985369880043436,0.004056977020809427,0.29448001098353416
3,44,9,6,5,177,885,175,0.1977401129943503,0.8022598870056497,0.25428884883203173,32.76836158192091,0.30727434501750395,0.003962287999456748,0.3033120570180472
3,45,9,6,5,177,885,150,0.1694915254237288,0.8305084745762712,0.2463263657912396,35.02824858757062,0.29810403898591176,0.005756175989517942,0.2923478629963938
3,46,9,6,5,177,885,334,0.37740112994350283,0.6225988700564972,0.30593147588952957,22.937853107344633,0.30821368101169355,0.004745985002955422,0.30346769600873813
3,47,9,6,5,177,885,141,0.15932203389830507,0.840677966101695,0.24118335358557833,32.655367231638415,0.2955491390021052,0.004962551989592612,0.2905865870125126
3,48,9,6,5,177,885,128,0.14463276836158193,0.8553672316384181,0.2307569155458459,31.52542372881356,0.30215642499388196,0.004036283993627876,0.2981201410002541
3,49,9,6,5,177,885,150,0.1694915254237288,0.8305084745762712,0.25898210413504075,30.62146892655367,0.29902604600647464,0.00406100699910894,0.2949650390073657
4,0,9,6,5,320,1600,145,0.090625,0.909375,0.17779361406720162,45.1875,5.89120140200248,2.1426136230002157,3.748587779002264
4,1,9,6,5,320,1600,127,0.079375,0.920625,0.17153383808925626,46.6875,0.36654120800085366,0.005203055014135316,0.36133815298671834
4,2,9,6,5,320,1600,160,0.1,0.9,0.18589987286900908,45.8125,0.35822443399229087,0.006061092019081116,0.35216334197320975
4,3,9,6,5,320,1600,193,0.120625,0.879375,0.203889950873701,41.375,0.3639007990132086,0.005318086012266576,0.358582713000942
4,4,9,6,5,320,1600,170,0.10625,0.89375,0.1900530165218993,43.5625,0.3777439669938758,0.0054547099862247705,0.37228925700765103
4,5,9,6,5,320,1600,108,0.0675,0.9325,0.15014898642328,49.875,0.3552542419929523,0.0057042310072574764,0.3495500109856948
4,6,9,6,5,320,1600,143,0.089375,0.910625,0.17242123641600945,47.25,0.35699308800394647,0.006242225994355977,0.3507508620095905
4,7,9,6,5,320,1600,196,0.1225,0.8775,0.1972619500877216,41.625,0.3700910610205028,0.005106060008984059,0.36498500101151876
4,8,9,6,5,320,1600,145,0.090625,0.909375,0.17090164633232324,45.875,0.3594267940206919,0.005598261021077633,0.35382853299961425
4,9,9,6,5,320,1600,153,0.095625,0.904375,0.17940898609936642,45.875,0.3553975440154318,0.007089193008141592,0.3483083510072902
4,10,9,6,5,320,1600,171,0.106875,0.893125,0.18997656515504802,45.875,0.3549807539966423,0.006108404020778835,0.34887234997586347
4,11,9,6,5,320,1600,171,0.106875,0.893125,0.1910385881048591,43.9375,0.35582179299672134,0.00644415698479861,0.34937763601192273
4,12,9,6,5,320,1600,168,0.105,0.895,0.1827071638552005,48.4375,0.36770112699014135,0.005698174994904548,0.3620029519952368
4,13,9,6,5,320,1600,165,0.103125,0.896875,0.1919480600874698,44.5625,0.36007025800063275,0.005351107975002378,0.35471915002563037
4,14,9,6,5,320,1600,166,0.10375,0.89625,0.17872944662540732,47.4375,0.3610608949966263,0.006383914995240048,0.35467698000138626
4,15,9,6,5,320,1600,167,0.104375,0.895625,0.1930854708307605,43.125,0.3608498719986528,0.0062549269932787865,0.35459494500537403
4,16,9,6,5,320,1600,164,0.1025,0.8975,0.19547990986491062,40.625,0.35356269098701887,0.005026095983339474,0.3485365950036794
4,17,9,6,5,320,1600,167,0.104375,0.895625,0.18513776801775655,44.4375,0.35836939301225357,0.005862236022949219,0.35250715698930435
4,18,9,6,5,320,1600,143,0.089375,0.910625,0.1735595015889664,44.3125,0.3556023770070169,0.004077343997778371,0.35152503300923854
4,19,9,6,5,320,1600,217,0.135625,0.864375,0.2150369737985419,35.625,0.36335260097985156,0.004168203973677009,0.35918439700617455
4,20,9,6,5,320,1600,360,0.225,0.775,0.20087697124240567,43.875,0.3739611400233116,0.005731600016588345,0.36822954000672325
4,21,9,6,5,320,1600,139,0.086875,0.913125,0.15986906101240447,50.375,0.3551188870042097,0.005056437017628923,0.35006244998658076
4,22,9,6,5,320,1600,165,0.103125,0.896875,0.19093590750252137,44.25,0.35647547797998413,0.0040258209919556975,0.35244965698802844
4,23,9,6,5,320,1600,171,0.106875,0.893125,0.19071937623788768,40.125,0.35968526199576445,0.00443216398707591,0.35525309800868854
4,24,9,6,5,320,1600,169,0.105625,0.894375,0.1908149391714565,44.9375,0.35578783799428493,0.005739729997003451,0.3500481079972815
4,25,9,6,5,320,1600,184,0.115,0.885,0.20354375136435188,44.625,0.36362367001129314,0.003938226000173017,0.3596854440111201
4,26,9,6,5,320,1600,109,0.068125,0.931875,0.1518370029648459,49.5,0.34810746400034986,0.0038490660081151873,0.3442583979922347
4,27,9,6,5,320,1600,136,0.085,0.915,0.16833737098509724,48.625,0.35269179099122994,0.004621447995305061,0.3480703429959249
4,28,9,6,5,320,1600,142,0.08875,0.91125,0.17846653726934328,43.25,0.362382929015439,0.004681628022808582,0.3577013009926304
4,29,9,6,5,320,1600,204,0.1275,0.8725,0.20091769297045298,40.375,0.3898463060031645,0.004350226983660832,0.38549607901950367
4,30,9,6,5,320,1600,143,0.089375,0.910625,0.17736438868136495,48.625,0.3564314889954403,0.004065501008881256,0.35236598798655905
4,31,9,6,5,320,1600,155,0.096875,0.903125,0.1653275343322161,49.75,0.35897564399056137,0.004204131982987747,0.3547715120075736
4,32,9,6,5,320,1600,138,0.08625,0.9137500000000001,0.17364438934074006,46.9375,0.36539929200080223,0.0063192329835146666,0.35908005901728757
4,33,9,6,5,320,1600,175,0.109375,0.890625,0.19150429933200733,43.6875,0.35458624802413397,0.003962999006034806,0.35062324901809916
4,34,9,6,5,320,1600,145,0.090625,0.909375,0.17502107249047677,41.875,0.36522410399629734,0.003922014991985634,0.3613020890043117
4,35,9,6,5,320,1600,163,0.101875,0.8981250000000001,0.19800879788309025,41.875,0.3619933360023424,0.006074417993659154,0.35591891800868325
4,36,9,6,5,320,1600,154,0.09625,0.90375,0.1776750020343751,45.625,0.3600738759851083,0.005620078998617828,0.3544537969864905
4,37,9,6,5,320,1600,185,0.115625,0.884375,0.21025019045709395,41.0625,0.35677191699505784,0.0040969980182126164,0.3526749189768452
4,38,9,6,5,320,1600,126,0.07875,0.92125,0.15854849044526695,50.5625,0.35577592099434696,0.004134151997277513,0.35164176899706945
4,39,9,6,5,320,1600,163,0.101875,0.8981250000000001,0.18807944836024226,44.5625,0.3568430930026807,0.00392710100277327,0.3529159919999074
4,40,9,6,5,320,1600,138,0.08625,0.9137500000000001,0.17533252113945869,46.875,0.35845235898159444,0.005106512981001288,0.35334584600059316
4,41,9,6,5,320,1600,150,0.09375,0.90625,0.1717575751542075,44.8125,0.36433343999669887,0.003993964986875653,0.3603394750098232
4,42,9,6,5,320,1600,160,0.1,0.9,0.18742366356096118,41.375,0.3559641999891028,0.004400964971864596,0.3515632350172382
4,43,9,6,5,320,1600,192,0.12,0.88,0.20369455425402358,42.8125,0.3594363720039837,0.004033308010548353,0.35540306399343535
4,44,9,6,5,320,1600,178,0.11125,0.88875,0.17075676989992103,46.4375,0.358716587012168,0.004132736998144537,0.3545838500140235
4,45,9,6,5,320,1600,222,0.13875,0.86125,0.20072630127297647,40.4375,0.3644899089995306,0.0038407749962061644,0.36064913400332443
4,46,9,6,5,320,1600,147,0.091875,0.908125,0.17532467408683525,49.5,0.35247830700245686,0.006088110007112846,0.346390196995344
4,47,9,6,5,320,1600,162,0.10125,0.8987499999999999,0.18880644884077055,46.875,0.36311095498967916,0.0041077929781749845,0.3590031620115042
4,48,9,6,5,320,1600,161,0.100625,0.899375,0.16888226992383495,47.25,0.3565324730006978,0.003933147003408521,0.35259932599728927
4,49,9,6,5,320,1600,523,0.326875,0.673125,0.16789454308190757,46.5625,0.3619482509966474,0.005752658995334059,0.35619559200131334
5,0,9,6,5,577,2885,190,0.0658578856152513,0.9341421143847487,0.13005225849616917,58.682842287694974,7.754884277004749,3.8028483289817814,3.952035948022967
5,1,9,6,5,577,2885,206,0.07140381282495667,0.9285961871750433,0.13930109767406706,56.360485268630846,0.4655264580214862,0.006538147019455209,0.45898831100203097
5,2,9,6,5,577,2885,187,0.06481802426343154,0.9351819757365685,0.12654021364724757,57.885615251299825,0.4643828400003258,0.007302220998099074,0.45708061900222674
5,3,9,6,5,577,2885,178,0.06169844020797227,0.9383015597920277,0.12147967405838574,61.76776429809359,0.45570841000881046,0.007006619009189308,0.44870179099962115
5,4,9,6,5,577,2885,320,0.11091854419410745,0.8890814558058926,0.1472596284138447,54.454072790294624,0.48088864199235104,0.007228169997688383,0.47366047199466266
5,5,9,6,5,577,2885,148,0.051299826689774695,0.9487001733102253,0.11044105357044304,60.93587521663778,0.45653213700279593,0.007455437007592991,0.44907669999520294
5,6,9,6,5,577,2885,135,0.04679376083188908,0.9532062391681109,0.10660859828856731,62.946273830155974,0.4529303000017535,0.006099960999563336,0.44683033900219016
5,7,9,6,5,577,2885,211,0.0731369150779896,0.9268630849220104,0.14589242533410665,54.280762564991335,0.47921954101184383,0.006225379009265453,0.4729941620025784
5,8,9,6,5,577,2885,165,0.05719237435008666,0.9428076256499134,0.12786735092767323,60.831889081455806,0.4738235459954012,0.006600021006306633,0.4672235249890946
5,9,9,6,5,577,2885,181,0.06273830155979203,0.937261698440208,0.1300583865983601,57.712305025996535,0.46451364998938516,0.005847513995831832,0.4586661359935533
5,10,9,6,5,577,2885,228,0.07902946273830155,0.9209705372616984,0.1499039252231132,55.251299826689774,0.4803018589736894,0.0069236509734764695,0.4733782080002129
5,11,9,6,5,577,2885,175,0.060658578856152515,0.9393414211438474,0.1289899251604082,57.22703639514731,0.4803854720084928,0.007104642019839957,0.47328082998865284
5,12,9,6,5,577,2885,176,0.0610051993067591,0.9389948006932409,0.11618658258188547,62.91161178509532,0.4736287409905344,0.007094428990967572,0.46653431199956685
5,13,9,6,5,577,2885,227,0.07868284228769497,0.921317157712305,0.1560352002528165,53.86481802426343,0.48312105299555697,0.004803982999874279,0.4783170699956827
5,14,9,6,5,577,2885,224,0.07764298093587521,0.9223570190641248,0.14208576652167212,53.27556325823223,0.4669480989978183,0.005927171994699165,0.46102092700311914
5,15,9,6,5,577,2885,333,0.11542461005199307,0.8845753899480069,0.1826382702522561,45.961871750433275,0.4645425179915037,0.007063069002470002,0.4574794489890337
5,16,9,6,5,577,2885,301,0.10433275563258232,0.8956672443674176,0.17352948349122552,50.19064124783362,0.4775599579734262,0.007235699973534793,0.4703242579998914
5,17,9,6,5,577,2885,192,0.06655112651646447,0.9334488734835356,0.11003097677852701,62.530329289428074,0.4566242959990632,0.005638756992993876,0.4509855390060693
5,18,9,6,5,577,2885,182,0.06308492201039861,0.9369150779896014,0.13264705561114143,59.20277296360485,0.4764044700132217,0.005136054998729378,0.47126841501449235
5,19,9,6,5,577,2885,471,0.1632582322357019,0.8367417677642981,0.11902117312739492,60.03466204506066,0.4854939919896424,0.004998971009626985,0.4804950209800154
5,20,9,6,5,577,2885,184,0.06377816291161179,0.9362218370883882,0.1263765473494027,58.50953206239168,0.4686434399918653,0.0072354350122623146,0.461408004979603
5,21,9,6,5,577,2885,235,0.08145580589254767,0.9185441941074524,0.15356755211802348,52.1317157712305,0.46571962398593314,0.004796311986865476,0.46092331199906766
5,22,9,6,5,577,2885,200,0.06932409012131716,0.9306759098786829,0.13335423965176907,57.088388214904676,0.47711565499776043,0.0064693280146457255,0.4706463269831147
5,23,9,6,5,577,2885,172,0.05961871750433276,0.9403812824956672,0.11501435224666927,61.421143847487,0.47872430499410257,0.004895810998277739,0.47382849399582483
5,24,9,6,5,577,2885,244,0.08457538994800694,0.915424610051993,0.11327075449567142,63.63951473136915,0.4522035649861209,0.0049428729980718344,0.4472606919880491
5,25,9,6,5,577,2885,163,0.05649913344887349,0.9435008665511265,0.11625943636111451,62.14904679376083,0.4709430520015303,0.006257497007027268,0.46468555499450304
5,26,9,6,5,577,2885,201,0.06967071057192374,0.9303292894280762,0.13704934476426936,56.18717504332756,0.4651228440052364,0.004863439011387527,0.4602594049938489
5,27,9,6,5,577,2885,248,0.08596187175043328,0.9140381282495668,0.1497601737820988,54.10745233968804,0.47892068899818696,0.004737973998999223,0.47418271499918774
5,28,9,6,5,577,2885,266,0.09220103986135182,0.9077989601386481,0.162618317843943,49.74003466204506,0.4794376179925166,0.00720324699068442,0.4722343710018322
5,29,9,6,5,577,2885,744,0.2578856152512998,0.7421143847487002,0.15558178355826546,54.17677642980936,0.48215852401335724,0.00581225601490587,0.47634626799845137
5,30,9,6,5,577,2885,396,0.13726169844020797,0.862738301559792,0.13130727194845576,57.088388214904676,0.5106735589797609,0.007197707978775725,0.5034758510009851
5,31,9,6,5,577,2885,147,0.05095320623916811,0.9490467937608319,0.10783774861002315,63.46620450606586,0.4388276689860504,0.005999326996970922,0.4328283419890795
5,32,9,6,5,577,2885,170,0.058925476603119586,0.9410745233968805,0.13289908612089624,57.22703639514731,0.47751575699658133,0.004815852997126058,0.4726999039994553
5,33,9,6,5,577,2885,190,0.0658578856152513,0.9341421143847487,0.13524712002733075,58.02426343154246,0.47279765698476695,0.004772112995851785,0.46802554398891516
5,34,9,6,5,577,2885,170,0.058925476603119586,0.9410745233968805,0.12419865164989567,56.70710571923743,0.4793038679927122,0.00499844498699531,0.4743054230057169
5,35,9,6,5,577,2885,219,0.07590987868284228,0.9240901213171577,0.14201087832201553,55.59792027729636,0.4612583389971405,0.004913045006105676,0.45634529399103485
5,36,9,6,5,577,2885,193,0.06689774696707106,0.9331022530329289,0.13255707529913832,57.36568457538995,0.4793075709894765,0.005797593999886885,0.47350997698958963
5,37,9,6,5,577,2885,196,0.06793760831889081,0.9320623916811092,0.1400235881481012,56.81109185441941,0.4682092329894658,0.006366393994539976,0.46184283899492584
5,38,9,6,5,577,2885,279,0.09670710571923744,0.9032928942807625,0.16541131713511856,49.60138648180242,0.4669817150279414,0.00467390101402998,0.4623078140139114
5,39,9,6,5,577,2885,234,0.08110918544194108,0.9188908145580589,0.14241094337086646,55.77123050259965,0.48236211098264903,0.006646022986387834,0.4757160879962612
5,40,9,6,5,577,2885,173,0.05996533795493934,0.9400346620450607,0.118526251734007,61.76776429809359,0.4649580529949162,0.004842255002586171,0.46011579799233004
5,41,9,6,5,577,2885,199,0.06897746967071057,0.9310225303292894,0.1320992857221835,57.573656845753895,0.47863121700356714,0.005645736993756145,0.472985480009811
5,42,9,6,5,577,2885,217,0.07521663778162911,0.9247833622183709,0.14701134406999677,54.38474870017331,0.47425362101057544,0.005116304004332051,0.4691373170062434
5,43,9,6,5,577,2885,206,0.07140381282495667,0.9285961871750433,0.13607087534413667,56.46447140381282,0.4679356470005587,0.006515376997413114,0.46142027000314556
5,44,9,6,5,577,2885,223,0.07729636048526863,0.9227036395147313,0.14547838164090945,54.10745233968804,0.4686230740044266,0.0069254530244506896,0.4616976209799759
5,45,9,6,5,577,2885,284,0.09844020797227036,0.9015597920277296,0.17288430268422075,48.87348353552859,0.4811975439952221,0.004818946006707847,0.47637859798851423
5,46,9,6,5,577,2885,385,0.13344887348353554,0.8665511265164645,0.17164139155368827,46.65511265164645,0.48695562599459663,0.004798484005732462,0.48215714198886417
5,47,9,6,5,577,2885,323,0.1119584055459272,0.8880415944540728,0.15389123452996137,52.7209705372617,0.4852835860219784,0.006344174005789682,0.4789394120161887
5,48,9,6,5,577,2885,796,0.2759098786828423,0.7240901213171578,0.14509599012413502,54.696707105719234,0.4547022690239828,0.006015929015120491,0.4486863400088623
5,49,9,6,5,577,2885,193,0.06689774696707106,0.9331022530329289,0.13403648761254858,58.09358752166378,0.4654117430036422,0.006436786992708221,0.45897495601093397
6,0,9,6,5,1041,5205,318,0.06109510086455332,0.9389048991354467,0.11381627026081571,65.43707973102786,11.773909218987683,7.538157105998835,4.235752112988848
6,1,9,6,5,1041,5205,203,0.03900096061479347,0.9609990393852066,0.08123068832070159,71.31604226705092,0.7694317790155765,0.0081197039980907,0.7613120750174858
6,2,9,6,5,1041,5205,246,0.04726224783861672,0.9527377521613832,0.09120359427820825,69.83669548511048,0.7674335170013364,0.009185239992802963,0.7582482770085335
6,3,9,6,5,1041,5205,518,0.0995196926032661,0.9004803073967339,0.11714215630330548,62.843419788664754,0.8182224039919674,0.00967341399518773,0.8085489899967797
6,4,9,6,5,1041,5205,251,0.048222862632084536,0.9517771373679155,0.09116161027091664,68.33813640730068,0.8128463280154392,0.009336199989775196,0.803510128025664
6,5,9,6,5,1041,5205,226,0.04341978866474544,0.9565802113352546,0.08755615523830616,70.4899135446686,0.7564330359746236,0.010756179981399328,0.7456768559932243
6,6,9,6,5,1041,5205,202,0.0388088376560999,0.9611911623439001,0.08326866156056673,72.98751200768493,0.7743276080000214,0.007029995002085343,0.7672976129979361
6,7,9,6,5,1041,5205,243,0.04668587896253602,0.9533141210374639,0.0884035228960023,70.06724303554276,0.7560272959817667,0.009940066986018792,0.7460872289957479
6,8,9,6,5,1041,5205,414,0.07953890489913544,0.9204610951008646,0.10451372762626211,64.43804034582134,0.7998368179833051,0.00935298198601231,0.7904838359972928
6,9,9,6,5,1041,5205,340,0.06532180595581172,0.9346781940441883,0.09869700328678571,66.28242074927954,0.7758787220227532,0.00881852800375782,0.7670601940189954
6,10,9,6,5,1041,5205,259,0.04975984630163305,0.9502401536983669,0.09920030841626813,68.06916426512969,0.764834919013083,0.009322644007625058,0.7555122750054579
6,11,9,6,5,1041,5205,232,0.04457252641690682,0.9554274735830932,0.08977967262606125,69.68299711815563,0.7844941180082969,0.00857914099469781,0.7759149770135991
6,12,9,6,5,1041,5205,245,0.04707012487992315,0.9529298751200769,0.09624316384051669,67.37752161383285,0.7586043310002424,0.0065349780197720975,0.7520693529804703
6,13,9,6,5,1041,5205,222,0.04265129682997118,0.9573487031700288,0.09107301621923491,69.64457252641691,0.7613973649858963,0.008969735994469374,0.7524276289914269
6,14,9,6,5,1041,5205,233,0.04476464937560039,0.9552353506243996,0.09240038631315502,69.20268972142172,0.7597097679972649,0.009941892989445478,0.7497678750078194
6,15,9,6,5,1041,5205,305,0.05859750240153699,0.9414024975984631,0.10999169691212711,64.13064361191162,0.7633728009823244,0.008531330997357145,0.7548414699849673
6,16,9,6,5,1041,5205,312,0.05994236311239193,0.9400576368876081,0.11443908386116965,64.03458213256485,0.7690905299969018,0.007183581008575857,0.7619069489883259
6,17,9,6,5,1041,5205,270,0.05187319884726225,0.9481268011527377,0.1010399169762581,68.58789625360231,0.7647351649939083,0.006562458002008498,0.7581727069918998
6,18,9,6,5,1041,5205,225,0.043227665706051875,0.9567723342939481,0.09237302534696794,69.33717579250721,0.7711580509785563,0.007558404002338648,0.7635996469762176
6,19,9,6,5,1041,5205,231,0.04438040345821326,0.9556195965417867,0.09619338856322493,68.93371757925073,0.7604621600185055,0.008444614999461919,0.7520175450190436
6,20,9,6,5,1041,5205,483,0.09279538904899136,0.9072046109510087,0.10773213524327609,64.4956772334294,0.8186554999847431,0.008826803998090327,0.8098286959866527
6,21,9,6,5,1041,5205,252,0.0484149855907781,0.9515850144092219,0.0934361075220653,67.6657060518732,0.7708869310154114,0.009311761008575559,0.7615751700068358
6,22,9,6,5,1041,5205,238,0.045725264169068205,0.9542747358309318,0.0953569015697162,68.70317002881845,0.7614380169834476,0.006240293005248532,0.7551977239781991
6,23,9,6,5,1041,5205,262,0.050336215177713736,0.9496637848222863,0.10090227042791032,66.80115273775216,0.7672163379902486,0.006440487981308252,0.7607758500089403
6,24,9,6,5,1041,5205,290,0.05571565802113353,0.9442843419788665,0.1050944792900729,65.2449567723343,0.7715984770038631,0.007809005008311942,0.7637894719955511
6,25,9,6,5,1041,5205,235,0.04514889529298751,0.9548511047070125,0.08842517074938726,70.06724303554276,0.7574690059991553,0.007733231002930552,0.7497357749962248
6,26,9,6,5,1041,5205,437,0.08395773294908741,0.9160422670509126,0.11407788979927781,61.34486071085495,0.7950045480101835,0.007770164986141026,0.7872343830240425
6,27,9,6,5,1041,5205,588,0.11296829971181556,0.8870317002881845,0.09530500593268533,67.31988472622479,0.7917641529929824,0.008243528980528936,0.7835206240124535
6,28,9,6,5,1041,5205,280,0.053794428434197884,0.9462055715658021,0.10227734046442627,65.2449567723343,0.7649277090094984,0.009609025000827387,0.755318684008671
6,29,9,6,5,1041,5205,311,0.05975024015369837,0.9402497598463017,0.1060610289734464,63.727185398655145,0.7700671649945434,0.006258976005483419,0.76380818898906
6,30,9,6,5,1041,5205,229,0.04399615754082613,0.9560038424591739,0.08995323924734613,71.04707012487992,0.7952323280042037,0.006647095986409113,0.7885852320177946
6,31,9,6,5,1041,5205,280,0.053794428434197884,0.9462055715658021,0.10635002821202326,65.62920268972142,0.7994579549995251,0.006319152016658336,0.7931388029828668
6,32,9,6,5,1041,5205,412,0.07915465898174832,0.9208453410182517,0.11175523752226896,64.64937560038425,0.8007845599786378,0.009214913006871939,0.7915696469717659
6,33,9,6,5,1041,5205,314,0.06032660902977906,0.939673390970221,0.11032976341130124,63.99615754082613,0.771252298989566,0.009644105011830106,0.7616081939777359
6,34,9,6,5,1041,5205,427,0.08203650336215178,0.9179634966378483,0.12915814603001138,58.9433237271854,0.8106782149989158,0.008334321988513693,0.8023438930104021
6,35,9,6,5,1041,5205,206,0.03957732949087416,0.9604226705091259,0.0833463251595845,72.37271853986552,0.7579625160142314,0.008755763003136963,0.7492067530110944
6,36,9,6,5,1041,5205,217,0.04169068203650336,0.9583093179634966,0.08972202923827233,70.45148895292988,0.7582641860062722,0.00648043499677442,0.7517837510094978
6,37,9,6,5,1041,5205,294,0.05648414985590778,0.9435158501440922,0.1091742327309462,62.3823246878002,0.7581645460159052,0.006705720006721094,0.7514588260091841
6,38,9,6,5,1041,5205,242,0.04649375600384246,0.9535062439961576,0.09419700885836427,69.26032660902979,0.7705236169858836,0.007261360005941242,0.7632622569799423
6,39,9,6,5,1041,5205,316,0.06071085494716619,0.9392891450528338,0.1173595951192882,59.88472622478387,0.7897048259910662,0.006574797997018322,0.7831300279940479
6,40,9,6,5,1041,5205,368,0.07070124879923151,0.9292987512007684,0.12720592314967968,61.61383285302594,0.8002366040018387,0.0062963980017229915,0.7939402060001157
6,41,9,6,5,1041,5205,247,0.047454370797310276,0.9525456292026897,0.09536781234052585,68.2420749279539,0.7571170630108099,0.007309134001843631,0.7498079290089663
6,42,9,6,5,1041,5205,227,0.043611911623439,0.956388088376561,0.09018413260208091,70.24015369836697,0.7566655619884841,0.006336895981803536,0.7503286660066806
6,43,9,6,5,1041,5205,332,0.06378482228626321,0.9362151777137367,0.12476964098058756,62.132564841498564,0.7981592419964727,0.006369898997945711,0.791789342998527
6,44,9,6,5,1041,5205,336,0.06455331412103746,0.9354466858789625,0.11806059898838489,61.80595581171951,0.7763075130060315,0.009310182998888195,0.7669973300071433
6,45,9,6,5,1041,5205,217,0.04169068203650336,0.9583093179634966,0.08401038296489119,71.29682997118157,0.7765140809933655,0.00644587300485,0.7700682079885155
6,46,9,6,5,1041,5205,182,0.034966378482228624,0.9650336215177714,0.07385857060716268,73.27569644572527,0.793324666999979,0.006607290997635573,0.7867173760023434
6,47,9,6,5,1041,5205,276,0.05302593659942363,0.9469740634005763,0.09719218874232681,68.91450528338137,0.7936179490061477,0.007161481014918536,0.7864564679912291
6,48,9,6,5,1041,5205,180,0.0345821325648415,0.9654178674351584,0.0763335959402977,72.25744476464938,0.7552214780007489,0.007249872985994443,0.7479716050147545
6,49,9,6,5,1041,5205,231,0.04438040345821326,0.9556195965417867,0.0854927117438883,71.18155619596543,0.7682757650036365,0.008091940981103107,0.7601838240225334
7,0,9,6,5,1880,9400,289,0.03074468085106383,0.9692553191489361,0.06425756870648291,78.43617021276596,20.111145667004166,15.940353115991456,4.17079255101271
7,1,9,6,5,1880,9400,339,0.03606382978723404,0.963936170212766,0.0734390699563605,75.2872340425532,1.3078573679958936,0.20601598802022636,1.1018413799756672
7,2,9,6,5,1880,9400,286,0.030425531914893618,0.9695744680851064,0.06026805449250948,79.63829787234043,1.2676844029920176,0.2064075010130182,1.0612769019789994
7,3,9,6,5,1880,9400,373,0.039680851063829785,0.9603191489361702,0.07273125492949398,75.63829787234043,1.2957435580028687,0.20609884700388648,1.0896447109989822
7,4,9,6,5,1880,9400,315,0.03351063829787234,0.9664893617021276,0.06789392790892554,76.70212765957447,1.2791985739895608,0.20584503997815773,1.073353534011403
7,5,9,6,5,1880,9400,316,0.03361702127659574,0.9663829787234043,0.06947405308077727,76.30851063829788,1.3081252200063318,0.20597533500404097,1.1021498850022908
7,6,9,6,5,1880,9400,413,0.043936170212765954,0.956063829787234,0.08461861313931199,71.3936170212766,1.3018184679967817,0.20651220899890177,1.09530625899788
7,7,9,6,5,1880,9400,266,0.028297872340425533,0.9717021276595744,0.05733153952287308,80.14893617021276,1.2417599079781212,0.20620310798403807,1.0355567999940831
7,8,9,6,5,1880,9400,345,0.036702127659574466,0.9632978723404255,0.06877160790693809,77.13829787234043,1.272460799984401,0.2062999689951539,1.0661608309892472
7,9,9,6,5,1880,9400,283,0.030106382978723405,0.9698936170212766,0.0636421404341227,78.74468085106383,1.3379461470176466,0.2061193310073577,1.131826816010289
7,10,9,6,5,1880,9400,369,0.03925531914893617,0.9607446808510638,0.07229511924675772,75.94680851063829,1.2968171990069095,0.20856095899944194,1.0882562400074676
7,11,9,6,5,1880,9400,359,0.03819148936170213,0.9618085106382979,0.07048099140562508,75.79787234042553,1.3333092929970007,0.20830010800273158,1.1250091849942692
7,12,9,6,5,1880,9400,318,0.033829787234042556,0.9661702127659575,0.0681781886123855,76.86170212765957,1.3185698660090566,0.20818852999946102,1.1103813360095955
7,13,9,6,5,1880,9400,347,0.03691489361702128,0.9630851063829787,0.07217324500562979,75.36170212765957,1.2976427499961574,0.2079791369906161,1.0896636130055413
7,14,9,6,5,1880,9400,329,0.035,0.965,0.0727406031841811,75.67021276595744,1.3074643589789048,0.2086105089983903,1.0988538499805145
7,15,9,6,5,1880,9400,304,0.03234042553191489,0.9676595744680851,0.06523570210603931,77.70212765957447,1.3108486999990419,0.20787806098815054,1.1029706390108913
7,16,9,6,5,1880,9400,373,0.039680851063829785,0.9603191489361702,0.07659403227198908,74.75531914893617,1.3202900189789943,0.2084561749943532,1.1118338439846411
7,17,9,6,5,1880,9400,287,0.03053191489361702,0.9694680851063829,0.06286964919201522,77.74468085106383,1.3162923390045762,0.20817161901504733,1.1081207199895289
7,18,9,6,5,1880,9400,274,0.029148936170212764,0.9708510638297873,0.06112024301875621,77.94680851063829,1.3711214159848168,0.20843261599657126,1.1626887999882456
7,19,9,6,5,1880,9400,373,0.039680851063829785,0.9603191489361702,0.07539707445417787,74.75531914893617,1.2771383019862697,0.20852421800373122,1.0686140839825384
7,20,9,6,5,1880,9400,312,0.033191489361702124,0.9668085106382979,0.06233500924012206,78.06382978723404,1.306900618976215,0.20832234297995456,1.0985782759962603
7,21,9,6,5,1880,9400,386,0.041063829787234045,0.958936170212766,0.06920889684212804,77.77659574468085,1.3471052730164956,0.20797732201754116,1.1391279509989545
7,22,9,6,5,1880,9400,372,0.03957446808510638,0.9604255319148937,0.07396993112469387,75.03191489361701,1.3209059979999438,0.20859766300418414,1.1123083349957597
7,23,9,6,5,1880,9400,341,0.03627659574468085,0.9637234042553191,0.06990861966611608,75.81914893617021,1.3079528119997121,0.20857567997882143,1.0993771320208907
7,24,9,6,5,1880,9400,360,0.03829787234042553,0.9617021276595745,0.0663915703106943,77.25531914893617,1.3325180290266871,0.20833540300372988,1.1241826260229573
7,25,9,6,5,1880,9400,340,0.036170212765957444,0.9638297872340426,0.07143518195074544,74.80851063829788,1.3386256940138992,0.2084619980014395,1.1301636960124597
7,26,9,6,5,1880,9400,370,0.039361702127659576,0.9606382978723405,0.07585190390494684,75.04255319148936,1.2818970080115832,0.20880547200795263,1.0730915360036306
7,27,9,6,5,1880,9400,300,0.031914893617021274,0.9680851063829787,0.06523486520892709,77.93617021276596,1.3163798690075055,0.20807450500433333,1.1083053640031721
7,28,9,6,5,1880,9400,406,0.043191489361702126,0.9568085106382979,0.08201857891267396,72.42553191489361,1.3510576270055026,0.20864323401474394,1.1424143929907586
7,29,9,6,5,1880,9400,389,0.041382978723404254,0.9586170212765958,0.07873856670301004,74.18085106382979,1.3287056289846078,0.20819666399620473,1.120508964988403
7,30,9,6,5,1880,9400,416,0.04425531914893617,0.9557446808510638,0.07920642237427017,73.53191489361701,1.2932519309979398,0.20843310898635536,1.0848188220115844
7,31,9,6,5,1880,9400,227,0.024148936170212767,0.9758510638297873,0.050405897474473015,81.88297872340425,1.2857220149890054,0.2084634609927889,1.0772585539962165
7,32,9,6,5,1880,9400,451,0.04797872340425532,0.9520212765957446,0.08605564447575051,71.52127659574468,1.3757269619964063,0.20843873199191876,1.1672882300044876
7,33,9,6,5,1880,9400,307,0.03265957446808511,0.9673404255319149,0.06710475790003993,77.69148936170212,1.2925399760133587,0.20826120299170725,1.0842787730216514
7,34,9,6,5,1880,9400,242,0.02574468085106383,0.9742553191489361,0.05236747243959587,81.80851063829788,1.2593505239929073,0.20832634600810707,1.0510241779848002
7,35,9,6,5,1880,9400,295,0.03138297872340425,0.9686170212765958,0.06309664693307358,78.41489361702128,1.2683383080002386,0.2081037609896157,1.060234547010623
7,36,9,6,5,1880,9400,333,0.035425531914893615,0.9645744680851064,0.06889313768186649,76.46808510638297,1.3492409129976295,0.20856419199844822,1.1406767209991813
7,37,9,6,5,1880,9400,345,0.036702127659574466,0.9632978723404255,0.07622422897619625,74.45744680851064,1.2878861599892844,0.2082323239883408,1.0796538360009436
7,38,9,6,5,1880,9400,286,0.030425531914893618,0.9695744680851064,0.060015390962649226,79.44680851063829,1.3151628949854057,0.20848096799454652,1.1066819269908592
7,39,9,6,5,1880,9400,414,0.044042553191489364,0.9559574468085106,0.07195866899969265,76.06382978723404,1.4040866760187782,0.20815435799886473,1.1959323180199135
7,40,9,6,5,1880,9400,312,0.033191489361702124,0.9668085106382979,0.06677865756070371,77.11702127659574,1.2887653340003453,0.20800680600223131,1.080758527998114
7,41,9,6,5,1880,9400,278,0.029574468085106383,0.9704255319148937,0.06276964433372349,77.67021276595744,1.2746407200174872,0.2082543540163897,1.0663863660010975
7,42,9,6,5,1880,9400,357,0.03797872340425532,0.9620212765957447,0.07114981275499956,75.51063829787233,1.3352875240088906,0.20818903102190234,1.1270984929869883
7,43,9,6,5,1880,9400,275,0.02925531914893617,0.9707446808510638,0.05951059594387058,80.04255319148936,1.3146277670166455,0.2081233260105364,1.1065044410061091
7,44,9,6,5,1880,9400,334,0.03553191489361702,0.9644680851063829,0.07053300612308744,75.30851063829788,1.3047555150114931,0.20837808601208963,1.0963774289994035
7,45,9,6,5,1880,9400,326,0.03468085106382979,0.9653191489361702,0.06849006046347206,76.34042553191489,1.3258744399936404,0.20799369001179002,1.1178807499818504
7,46,9,6,5,1880,9400,260,0.027659574468085105,0.9723404255319149,0.055273242152474124,79.53191489361701,1.2752016849990468,0.20802075800020248,1.0671809269988444
7,47,9,6,5,1880,9400,320,0.03404255319148936,0.9659574468085106,0.06503088401659765,77.46808510638297,1.2769309319846798,0.20843384598265402,1.0684970860020258
7,48,9,6,5,1880,9400,338,0.03595744680851064,0.9640425531914893,0.06753994607598086,76.70212765957447,1.270751691015903,0.2080205560196191,1.0627311349962838
7,49,9,6,5,1880,9400,342,0.036382978723404256,0.9636170212765958,0.0705073176088425,76.63829787234043,1.3202027560037095,0.20813724800245836,1.1120655080012511
8,0,9,6,5,3396,16980,359,0.021142520612485276,0.9788574793875148,0.04259592663135963,84.24028268551237,31.847844583011465,27.23315618900233,4.614688394009136
8,1,9,6,5,3396,16980,398,0.023439340400471142,0.9765606595995289,0.04380631821989354,85.46525323910483,2.4808009109983686,1.1484000719792675,1.3324008390191011
8,2,9,6,5,3396,16980,437,0.025736160188457008,0.974263839811543,0.048558173218953525,83.17432273262662,2.556942804978462,1.1483260609966237,1.4086167439818382
8,3,9,6,5,3396,16980,591,0.03480565371024735,0.9651943462897526,0.05604251510419939,82.226148409894,2.579381643998204,1.148760580981616,1.4306210630165879
8,4,9,6,5,3396,16980,401,0.023616018845700824,0.9763839811542991,0.04576462171715055,84.71142520612486,2.575919902010355,1.1481288380164187,1.4277910639939364
8,5,9,6,5,3396,16980,370,0.021790341578327443,0.9782096584216725,0.04449042125994848,84.55241460541814,2.4810380010167137,1.1476960990112275,1.3333419020054862
8,6,9,6,5,3396,16980,343,0.020200235571260307,0.9797997644287397,0.039381193076493966,87.06713780918729,2.5318929130153265,1.1474366780021228,1.3844562350132037
8,7,9,6,5,3396,16980,553,0.03256772673733804,0.9674322732626619,0.0597402131641287,80.21790341578328,2.5777421350067016,1.1487454840098508,1.4289966509968508
8,8,9,6,5,3396,16980,516,0.0303886925795053,0.9696113074204947,0.05618287948656854,80.49469964664311,2.5422472369973548,1.1479124029865488,1.394334834010806
8,9,9,6,5,3396,16980,548,0.032273262661955245,0.9677267373380447,0.045082630541493945,84.44051825677268,2.6255482679989655,1.1485583359899465,1.476989932009019
8,10,9,6,5,3396,16980,424,0.024970553592461718,0.9750294464075383,0.04843095669353995,82.92108362779742,2.505174892983632,1.1490854540024884,1.3560894389811438
8,11,9,6,5,3396,16980,431,0.025382803297997643,0.9746171967020023,0.04754973051660459,83.59835100117786,2.6230221769947093,1.1480559140036348,1.4749662629910745
8,12,9,6,5,3396,16980,447,0.026325088339222615,0.9736749116607774,0.04980958335359496,83.3922261484099,2.4991931060212664,1.1485036610101815,1.350689445011085
8,13,9,6,5,3396,16980,471,0.027738515901060072,0.97226148409894,0.0518125904175927,82.72084805653711,2.517862957000034,1.1479985050100368,1.3698644519899972
8,14,9,6,5,3396,16980,401,0.023616018845700824,0.9763839811542991,0.04244879730144961,85.15901060070672,2.5212444060016423,1.1481724590121303,1.373071946989512
8,15,9,6,5,3396,16980,410,0.024146054181389872,0.9758539458186102,0.04614260381165095,84.45229681978799,2.578392385999905,1.1477327500178944,1.4306596359820105
8,16,9,6,5,3396,16980,433,0.025500588928150766,0.9744994110718492,0.04983003427108575,83.08009422850412,2.5214973999827635,1.1482695189770311,1.3732278810057323
8,17,9,6,5,3396,16980,536,0.031566548881036514,0.9684334511189635,0.05894737734915571,81.10129564193169,2.5754903749912046,1.1477818829880562,1.4277084920031484
8,18,9,6,5,3396,16980,341,0.020082449941107184,0.9799175500588928,0.04112794794325479,85.56537102473499,2.477598441997543,1.148636780999368,1.328961660998175
8,19,9,6,5,3396,16980,468,0.02756183745583039,0.9724381625441696,0.05291896820020443,82.03180212014135,2.500458268012153,1.147269237000728,1.353189031011425
8,20,9,6,5,3396,16980,423,0.02491166077738516,0.9750883392226148,0.047020387985709046,83.74558303886926,2.4628865649865475,1.1482846940052696,1.314601870981278
8,21,9,6,5,3396,16980,482,0.02838633686690224,0.9716136631330977,0.05060711611699645,82.77974087161367,2.48998583300272,1.1489833439991344,1.3410024890035857
8,22,9,6,5,3396,16980,580,0.03415783274440518,0.9658421672555948,0.05006279216249922,82.67962308598351,2.6082161530212034,1.1477121119969524,1.460504041024251
8,23,9,6,5,3396,16980,358,0.021083627797408716,0.9789163722025913,0.03982994734823757,86.33097762073028,2.553934836992994,1.1526377800037153,1.4012970569892786
8,24,9,6,5,3396,16980,671,0.039517078916372204,0.9604829210836278,0.050127116762053385,82.92697290930506,2.6684985870087985,1.1509826449910179,1.5175159420177806
8,25,9,6,5,3396,16980,395,0.02326266195524146,0.9767373380447586,0.045937105980478746,84.24617196702003,2.499386732990388,1.1514870180108119,1.347899714979576
8,26,9,6,5,3396,16980,416,0.024499411071849234,0.9755005889281507,0.045697784268980045,84.66431095406361,2.505034631001763,1.1519895099918358,1.3530451210099272
8,27,9,6,5,3396,16980,451,0.026560659599528857,0.9734393404004711,0.04875516022428156,84.0223792697291,2.5267208380100783,1.150938225997379,1.3757826120126992
8,28,9,6,5,3396,16980,393,0.02314487632508834,0.9768551236749117,0.045149645230765936,84.96466431095406,2.522614766989136,1.151110556005733,1.371504210983403
8,29,9,6,5,3396,16980,483,0.0284452296819788,0.9715547703180212,0.05226648933880245,82.84452296819788,2.5404479330172762,1.151845245010918,1.3886026880063582
8,30,9,6,5,3396,16980,449,0.026442873969375735,0.9735571260306243,0.048503629496482285,84.10482921083629,2.4771544759860262,1.1513147899822798,1.3258396860037465
8,31,9,6,5,3396,16980,342,0.020141342756183747,0.9798586572438163,0.04053190438893002,85.93050647820967,2.5324727249972057,1.1518018159840722,1.3806709090131335
8,32,9,6,5,3396,16980,391,0.023027090694935217,0.9769729093050648,0.042015615420356006,85.64193168433451,2.5683966929791495,1.1517243749985937,1.4166723179805558
8,33,9,6,5,3396,16980,535,0.031507656065959955,0.96849234393404,0.05732051017017863,80.7656065959953,2.5553303110064007,1.1518907010031398,1.403439610003261
8,34,9,6,5,3396,16980,411,0.02420494699646643,0.9757950530035335,0.045300307127363604,83.74558303886926,2.5453416539821774,1.1517305769957602,1.3936110769864172
8,35,9,6,5,3396,16980,402,0.023674911660777384,0.9763250883392226,0.04722480521362309,83.88103651354535,2.5005123690061737,1.1517749830090906,1.348737385997083
8,36,9,6,5,3396,16980,435,0.02561837455830389,0.9743816254416962,0.048894447048034674,83.16843345111897,2.4781144710141234,1.1511948000115808,1.3269196710025426
8,37,9,6,5,3396,16980,377,0.022202591283863368,0.9777974087161366,0.039863946759334946,86.43109540636043,2.6103000940056518,1.1512303469935432,1.4590697470121086
8,38,9,6,5,3396,16980,436,0.025677267373380448,0.9743227326266195,0.048865026397958325,82.8032979976443,2.530613877985161,1.1515302369953133,1.3790836409898475
8,39,9,6,5,3396,16980,514,0.03027090694935218,0.9697290930506478,0.053603751740211016,81.60188457008245,2.502929234004114,1.1511016470030881,1.3518275870010257
8,40,9,6,5,3396,16980,343,0.020200235571260307,0.9797997644287397,0.04059165762888112,85.31802120141343,2.4931773639982566,1.1514200509991497,1.341757312999107
8,41,9,6,5,3396,16980,390,0.022968197879858657,0.9770318021201413,0.044818915255143726,84.78798586572438,2.555792722996557,1.1511745270108804,1.4046181959856767
8,42,9,6,5,3396,16980,511,0.030094228504122498,0.9699057714958775,0.05911371510044951,80.00588928150766,2.5078196130052675,1.151580951991491,1.3562386610137764
8,43,9,6,5,3396,16980,420,0.024734982332155476,0.9752650176678446,0.04450003133842444,84.29328621908128,2.52828870198573,1.1519944659958128,1.376294235989917
8,44,9,6,5,3396,16980,477,0.028091872791519434,0.9719081272084805,0.04570983348767659,84.263839811543,2.558556984004099,1.1517494640138466,1.4068075199902523
8,45,9,6,5,3396,16980,543,0.03197879858657244,0.9680212014134275,0.05791302425474863,80.68904593639576,2.5521940769976936,1.151771278004162,1.4004227989935316
8,46,9,6,5,3396,16980,374,0.022025912838633685,0.9779740871613664,0.03926060092798919,86.5017667844523,2.47687799698906,1.1505230680049863,1.326354928984074
8,47,9,6,5,3396,16980,537,0.031625441696113074,0.968374558303887,0.05826724973277364,80.65959952885748,2.5186144480248913,1.152053957019234,1.3665604910056572
8,48,9,6,5,3396,16980,487,0.02868080094228504,0.9713191990577149,0.05254963013898025,82.52650176678445,2.489407796994783,1.1513807449955493,1.3380270519992337
8,49,9,6,5,3396,16980,470,0.02767962308598351,0.9723203769140165,0.05254722750106025,82.66195524146055,2.5468748019775376,1.1521303449990228,1.3947444569785148
9,0,9,6,5,6132,30660,642,0.020939334637964775,0.9790606653620352,0.03245099763240467,89.32811480756686,53.284638573008124,48.2720302210073,5.012608352000825
9,1,9,6,5,6132,30660,867,0.02827788649706458,0.9717221135029355,0.0466845579562221,84.5140247879974,5.697872051008744,3.9965016939968336,1.7013703570119105
9,2,9,6,5,6132,30660,703,0.022928897586431834,0.9770711024135682,0.033816823255354705,88.25179386823223,5.5783094729995355,3.998039199010236,1.5802702739892993
9,3,9,6,5,6132,30660,692,0.022570123939986954,0.9774298760600131,0.03516484797338081,88.32681017612525,5.782646613981342,3.998351152986288,1.7842954609950539
9,4,9,6,5,6132,30660,886,0.028897586431833006,0.971102413568167,0.041270165933378664,86.17416829745598,5.723980577982729,3.9976820919837337,1.7262984859989956
9,5,9,6,5,6132,30660,1002,0.03268101761252446,0.9673189823874755,0.046532906238709024,84.49445531637313,5.767008348018862,3.998430718027521,1.7685776299913414
9,6,9,6,5,6132,30660,809,0.026386170906718853,0.9736138290932812,0.04278009862538111,85.77951728636661,5.666309754975373,3.9981853409844916,1.6681244139908813
9,7,9,6,5,6132,30660,885,0.028864970645792562,0.9711350293542075,0.03758460215543569,87.06131767775604,5.5941527059767395,3.998756290995516,1.5953964149812236
9,8,9,6,5,6132,30660,683,0.022276581865622962,0.977723418134377,0.03626038202621002,87.42009132420092,5.631370312010404,3.999686938012019,1.631683373998385
9,9,9,6,5,6132,30660,736,0.02400521852576647,0.9759947814742336,0.03382922506451806,88.59752120026093,5.6105767769913655,3.9982847399951424,1.612292036996223
9,10,9,6,5,6132,30660,661,0.021559034572733202,0.9784409654272668,0.037099089139489276,87.2863666014351,5.643638806010131,3.9999834460031707,1.64365536000696
9,11,9,6,5,6132,30660,665,0.021689497716894976,0.978310502283105,0.035312075816516186,88.33985649054142,5.51823257599608,3.99763292397256,1.5205996520235203
9,12,9,6,5,6132,30660,1002,0.03268101761252446,0.9673189823874755,0.031246859996609044,89.48793215916504,5.628632298001321,3.999213979986962,1.629418318014359
9,13,9,6,5,6132,30660,515,0.01679712981082844,0.9832028701891715,0.02758436660882991,90.43052837573386,5.633145637024427,3.999304338998627,1.6338412980258
9,14,9,6,5,6132,30660,531,0.017318982387475538,0.9826810176125245,0.03003933188324525,89.6249184605349,5.720096330012893,4.000370096007828,1.7197262340050656
9,15,9,6,5,6132,30660,784,0.025570776255707764,0.9744292237442922,0.04077294462656216,86.26223091976517,5.617750297009479,3.9983875789912418,1.6193627180182375
9,16,9,6,5,6132,30660,685,0.022341813437703847,0.9776581865622962,0.03760180809524134,87.39399869536857,5.592391504993429,3.9991300260007847,1.5932614789926447
9,17,9,6,5,6132,30660,807,0.026320939334637965,0.973679060665362,0.045625978021185246,85.43052837573386,5.727711545012426,4.000303580018226,1.7274079649941996
9,18,9,6,5,6132,30660,612,0.019960861056751468,0.9800391389432486,0.032726981593430675,88.86823222439662,5.51627367301262,3.9992404429940507,1.5170332300185692
9,19,9,6,5,6132,30660,706,0.023026744944553163,0.9769732550554469,0.03860663190134645,86.84605348988912,5.693280005973065,3.9988748069736175,1.6944051989994477
9,20,9,6,5,6132,30660,678,0.022113502935420744,0.9778864970645793,0.033546460061402085,88.58121330724072,5.717094855004689,3.9992447500117123,1.7178501049929764
9,21,9,6,5,6132,30660,713,0.02325505544683627,0.9767449445531637,0.03325627640157936,89.19439008480106,5.644832664984278,3.9997342189890333,1.6450984459952451
9,22,9,6,5,6132,30660,868,0.028310502283105023,0.971689497716895,0.04848686625909151,84.46510110893674,5.825155119004194,3.999026317993412,1.826128801010782
9,23,9,6,5,6132,30660,619,0.020189171559034574,0.9798108284409655,0.03513525859181091,88.19308545335943,5.604865853994852,3.9996666650113184,1.6051991889835335
9,24,9,6,5,6132,30660,611,0.019928245270711024,0.980071754729289,0.03320168482394599,88.4768427919113,5.814844926993828,3.9990592499962077,1.8157856769976206
9,25,9,6,5,6132,30660,682,0.022243966079582518,0.9777560339204174,0.030962407383061413,88.88454011741683,5.614305849012453,3.9993673910212237,1.6149384579912294
9,26,9,6,5,6132,30660,1096,0.03574690150032616,0.9642530984996739,0.030369457236285407,89.63796477495109,5.604322336992482,3.999749012000393,1.6045733249920886
9,27,9,6,5,6132,30660,723,0.023581213307240705,0.9764187866927593,0.03420863765644414,89.01174168297457,5.619768845004728,4.0001858510077,1.619582993997028
9,28,9,6,5,6132,30660,619,0.020189171559034574,0.9798108284409655,0.02899684832043104,90.67840834964123,5.634496385988314,3.999245326005621,1.6352510599826928
9,29,9,6,5,6132,30660,641,0.02090671885192433,0.9790932811480757,0.03577965788400509,88.03326810176127,5.621184859977802,4.000025528977858,1.6211593309999444
9,30,9,6,5,6132,30660,584,0.01904761904761905,0.9809523809523809,0.031784497644743774,89.42270058708415,5.77809807297308,3.999029532977147,1.779068539995933
9,31,9,6,5,6132,30660,677,0.0220808871493803,0.9779191128506197,0.03646439402649549,87.3157208088715,5.741265304997796,4.001174159988295,1.740091145009501
9,32,9,6,5,6132,30660,618,0.02015655577299413,0.9798434442270059,0.031086317068501672,89.61513372472277,5.7475074820104055,3.9999536219984293,1.7475538600119762
9,33,9,6,5,6132,30660,536,0.017482061317677756,0.9825179386823223,0.029540452519865357,89.53033268101763,5.654174602997955,4.001026671001455,1.6531479319965001
9,34,9,6,5,6132,30660,900,0.029354207436399216,0.9706457925636007,0.03705556062172499,87.67123287671234,5.670072898996295,3.999382448004326,1.6706904509919696
9,35,9,6,5,6132,30660,596,0.01943900848010437,0.9805609915198956,0.029134671957130764,89.76190476190477,5.597752137982752,3.999047745979624,1.5987043920031283
9,36,9,6,5,6132,30660,609,0.01986301369863014,0.9801369863013698,0.03511948135929579,88.10828440965427,5.711795616982272,3.999824483995326,1.711971132986946
9,37,9,6,5,6132,30660,663,0.02162426614481409,0.978375733855186,0.03397925846891073,88.529028049576,5.730009293998592,3.9994444950134493,1.7305647989851423
9,38,9,6,5,6132,30660,637,0.020776255707762557,0.9792237442922375,0.033076687736799816,88.74103065883888,5.716989281005226,4.027306683012284,1.6896825979929417
9,39,9,6,5,6132,30660,521,0.016992824527071102,0.9830071754729289,0.02703342773369107,90.33920417482062,5.632595672010211,4.026838939986192,1.6057567320240196
9,40,9,6,5,6132,30660,746,0.024331376386170906,0.9756686236138291,0.03391510726987239,88.87801696020875,5.567877291003242,4.026710647012806,1.5411666439904366
9,41,9,6,5,6132,30660,701,0.022863666014350945,0.977136333985649,0.033316591378496276,88.79973907371168,5.705546924989903,4.026166816998739,1.6793801079911646
9,42,9,6,5,6132,30660,839,0.02736464448793216,0.9726353555120678,0.040007015332771026,86.66014350945858,5.7789446209790185,4.027058136998676,1.7518864839803427
9,43,9,6,5,6132,30660,617,0.020123939986953686,0.9798760600130463,0.03484275420014238,88.50293542074364,5.778577862016391,4.026013353024609,1.7525645089917816
9,44,9,6,5,6132,30660,696,0.022700587084148727,0.9772994129158513,0.03557314330239546,88.14416177429877,5.666495337995002,4.026638904993888,1.639856433001114
9,45,9,6,5,6132,30660,630,0.02054794520547945,0.9794520547945206,0.029521875287990305,89.59882583170256,5.629566228017211,4.027475436014356,1.6020907920028549
9,46,9,6,5,6132,30660,548,0.01787345075016308,0.9821265492498369,0.03216251214129524,89.41943900848011,5.689874672010774,4.026952143001836,1.662922529008938
9,47,9,6,5,6132,30660,808,0.02635355512067841,0.9736464448793216,0.03200973698731214,89.57599478147424,5.72877356398385,4.026310480985558,1.7024630829982925
9,48,9,6,5,6132,30660,589,0.019210697977821267,0.9807893020221787,0.03111396709301192,89.2204827136334,5.626546132989461,4.026931867992971,1.5996142649964895
9,49,9,6,5,6132,30660,699,0.02279843444227006,0.97720156555773,0.0371708089619085,87.26027397260275,5.770357498986414,4.026427448989125,1.7439300499972887
10,0,9,6,5,11075,55375,847,0.015295711060948082,0.9847042889390519,0.024544558924902607,91.76343115124153,104.2586550390115,98.59486286900938,5.663792170002125
10,1,9,6,5,11075,55375,891,0.016090293453724605,0.9839097065462754,0.02183515816539156,92.8704288939052,12.763804359012283,10.60902070600423,2.154783653008053
10,2,9,6,5,11075,55375,1073,0.019376975169300224,0.9806230248306997,0.028394958338057965,90.8334085778781,12.891691213008016,10.621586638997542,2.2701045740104746
10,3,9,6,5,11075,55375,956,0.01726410835214447,0.9827358916478556,0.02487370547217949,91.64063205417608,12.742907943989849,10.648264752002433,2.0946431919874158
10,4,9,6,5,11075,55375,925,0.016704288939051917,0.983295711060948,0.025641013810739362,91.59187358916479,12.936900469008833,10.64943339198362,2.2874670770252123
10,5,9,6,5,11075,55375,1071,0.019340857787810382,0.9806591422121896,0.02747266267417474,90.70699774266366,12.881194254005095,10.650277208012994,2.2309170459921006
10,6,9,6,5,11075,55375,751,0.013562076749435666,0.9864379232505643,0.022610674328817745,92.41534988713319,12.84852863001288,10.715845344995614,2.132683285017265
10,7,9,6,5,11075,55375,781,0.014103837471783296,0.9858961625282167,0.021386289218051857,93.05823927765238,12.86704392998945,10.71536942300736,2.15167450698209
10,8,9,6,5,11075,55375,736,0.013291196388261851,0.9867088036117382,0.020169952754231574,93.24785553047404,12.798624278977513,10.717275758972391,2.081348520005122
10,9,9,6,5,11075,55375,928,0.01675846501128668,0.9832415349887134,0.02524251645807833,91.44920993227991,12.592169373005163,10.71836136598722,1.8738080070179421
10,10,9,6,5,11075,55375,986,0.0178058690744921,0.9821941309255079,0.022796823334555908,92.41896162528218,12.777470996021293,10.71968509600265,2.0577859000186436
10,11,9,6,5,11075,55375,1419,0.02562528216704289,0.9743747178329571,0.023976983431651933,91.5214446952596,13.30626705699251,10.71743902398157,2.588828033010941
10,12,9,6,5,11075,55375,886,0.016,0.984,0.021097869079939213,92.78013544018059,12.972940469015157,10.718667476001428,2.2542729930137284
10,13,9,6,5,11075,55375,769,0.013887133182844244,0.9861128668171557,0.021274155146616913,92.78013544018059,12.83941313601099,10.718720792006934,2.1206923440040555
10,14,9,6,5,11075,55375,581,0.010492099322799098,0.989507900677201,0.017039347961857087,94.13453724604966,12.930088908004109,10.719011670007603,2.2110772379965056
10,15,9,6,5,11075,55375,1036,0.01870880361173815,0.9812911963882619,0.025827288364674985,91.11331828442438,12.923614257015288,10.718388895009411,2.2052253620058764
10,16,9,6,5,11075,55375,1194,0.021562076749435666,0.9784379232505643,0.03100044204356491,89.60722347629797,12.975531281990698,10.72016932599945,2.2553619559912477
10,17,9,6,5,11075,55375,1055,0.019051918735891647,0.9809480812641084,0.03038899648872629,89.82573363431152,12.876149960997282,10.718267037009355,2.157882923987927
10,18,9,6,5,11075,55375,903,0.016306997742663656,0.9836930022573364,0.023154401942747423,92.31783295711061,12.772290649998467,10.71905321002123,2.053237439977238
10,19,9,6,5,11075,55375,1089,0.019665914221218963,0.980334085778781,0.029112646599029107,90.46139954853274,12.854845633002697,10.721256372984499,2.133589260018198
10,20,9,6,5,11075,55375,1219,0.02201354401805869,0.9779864559819413,0.028306994411123786,90.75756207674944,12.719682800990995,10.719360029994277,2.0003227709967177
10,21,9,6,5,11075,55375,997,0.01800451467268623,0.9819954853273137,0.022424619816546316,92.52370203160271,12.933534562995192,10.720807922974927,2.2127266400202643
10,22,9,6,5,11075,55375,1002,0.018094808126410834,0.9819051918735892,0.019804729146967397,93.37968397291196,13.034228639997309,10.718535930995131,2.315692709002178
10,23,9,6,5,11075,55375,862,0.015566591422121896,0.9844334085778781,0.024106833159662288,92.20225733634312,12.913134175003506,10.720110817987006,2.1930233570165
10,24,9,6,5,11075,55375,924,0.016686230248306996,0.983313769751693,0.027148132989358545,90.90744920993228,12.953514573018765,10.720703969011083,2.232810604007682
10,25,9,6,5,11075,55375,833,0.015042889390519187,0.9849571106094808,0.022996624060597486,92.42437923250564,12.686228195001604,10.71916174798389,1.9670664470177144
10,26,9,6,5,11075,55375,1017,0.01836568848758465,0.9816343115124153,0.0251295190343184,91.77787810383748,12.68915717501659,10.719114931998774,1.970042243017815
10,27,9,6,5,11075,55375,941,0.016993227990970656,0.9830067720090293,0.026849368392273306,90.9525959367946,13.076970394991804,10.71921496099094,2.3577554340008646
10,28,9,6,5,11075,55375,912,0.016469525959367945,0.9835304740406321,0.02364004642070379,91.9548532731377,12.925915306987008,10.720827523997286,2.2050877829897217
10,29,9,6,5,11075,55375,1049,0.01894356659142212,0.9810564334085778,0.019666023129155833,93.52776523702032,13.140380024007754,10.718328387010843,2.422051636996912
10,30,9,6,5,11075,55375,883,0.015945823927765237,0.9840541760722348,0.023468460228987756,91.81038374717834,13.046355817990843,10.720521885989001,2.325833932001842
10,31,9,6,5,11075,55375,1082,0.019539503386004516,0.9804604966139955,0.021218789031271234,92.98600451467269,12.720677430013893,10.720254479994765,2.0004229500191286
10,32,9,6,5,11075,55375,729,0.013164785553047405,0.9868352144469525,0.02139485046751866,92.6410835214447,12.877938374003861,10.719490612013033,2.1584477619908284
10,33,9,6,5,11075,55375,1148,0.0207313769751693,0.9792686230248308,0.021758685018995683,92.53634311512415,13.01373871800024,10.720678054989548,2.2930606630106922
10,34,9,6,5,11075,55375,1924,0.03474492099322799,0.965255079006772,0.02859353578042576,90.30609480812642,12.949182080978062,10.721382908988744,2.227799171989318
10,35,9,6,5,11075,55375,783,0.014139954853273138,0.9858600451467269,0.023165221820192233,92.26365688487586,12.844669905025512,10.719774541008519,2.124895364016993
10,36,9,6,5,11075,55375,1273,0.022988713318284424,0.9770112866817156,0.02214601976566629,92.74221218961625,13.10373714301386,10.721266186999856,2.3824709560140036
10,37,9,6,5,11075,55375,625,0.011286681715575621,0.9887133182844243,0.016455361290192566,94.3765237020316,12.957428123016143,10.722102132014697,2.235325991001446
10,38,9,6,5,11075,55375,947,0.01710158013544018,0.9828984198645598,0.024745580729635567,91.45462753950339,12.785525061975932,10.720347529975697,2.0651775320002344
10,39,9,6,5,11075,55375,948,0.017119638826185102,0.9828803611738149,0.025753449124328195,91.41670428893906,13.03241286901175,10.720008219999727,2.3124046490120236
10,40,9,6,5,11075,55375,1016,0.01834762979683973,0.9816523702031603,0.026037290681955857,91.35530474040632,12.862806179997278,10.72048898198409,2.1423171980131883
10,41,9,6,5,11075,55375,879,0.015873589164785554,0.9841264108352145,0.023223386591042443,91.95304740406321,12.81417793701985,10.719617408001795,2.094560529018054
10,42,9,6,5,11075,55375,1145,0.020677200902934536,0.9793227990970654,0.028991180175991293,90.45598194130926,13.059950668015517,10.718290135002462,2.341660533013055
10,43,9,6,5,11075,55375,1183,0.021363431151241535,0.9786365688487585,0.02437243989554223,91.99819413092551,12.82185151099111,10.717650320002576,2.104201190988533
10,44,9,6,5,11075,55375,710,0.012821670428893905,0.9871783295711061,0.01972865717673993,93.26230248306999,12.807052755000768,10.7201722440077,2.086880510993069
10,45,9,6,5,11075,55375,778,0.014049661399548533,0.9859503386004514,0.01882934657555002,93.62708803611739,12.80439486601972,10.718594239995582,2.085800626024138
10,46,9,6,5,11075,55375,843,0.015223476297968398,0.9847765237020316,0.021563132947102933,92.42257336343116,13.205587816017214,10.72139966901159,2.484188147005625
10,47,9,6,5,11075,55375,993,0.017932279909706545,0.9820677200902934,0.026099565537548206,90.97787810383748,12.952756547019817,10.718820574023994,2.2339359729958232
10,48,9,6,5,11075,55375,917,0.01655981941309255,0.9834401805869074,0.024910926157128317,91.55575620767495,12.70932997998898,10.719853046000935,1.989476933988044
10,49,9,6,5,11075,55375,1137,0.02053273137697517,0.9794672686230248,0.02777847006644558,90.89661399548534,12.959760948986514,10.721475280006416,2.2382856689800974
11,0,9,6,5,20000,100000,1756,0.01756,0.98244,0.018465281005943142,93.834,247.6579401929921,241.2681755249796,6.3897646680125035
11,1,9,6,5,20000,100000,1125,0.01125,0.98875,0.013515203920944883,95.345,33.22809831399354,29.59795907998341,3.63013923401013
11,2,9,6,5,20000,100000,1273,0.01273,0.98727,0.0155259168561273,94.865,33.05276371099171,29.70844104498974,3.344322666001972
11,3,9,6,5,20000,100000,1544,0.01544,0.98456,0.016222361140178672,94.56400000000001,33.24196201801533,29.776244327018503,3.4657176909968257
11,4,9,6,5,20000,100000,17586,0.17586,0.82414,0.014677815689395182,94.901,33.642582744010724,29.90095033100806,3.7416324130026624
11,5,9,6,5,20000,100000,1745,0.01745,0.98255,0.018652399132594408,94.061,33.434737080009654,29.90108946498367,3.533647615025984
11,6,9,6,5,20000,100000,1356,0.01356,0.98644,0.01390982497775592,95.208,33.72837252699537,29.903934871021193,3.8244376559741795
11,7,9,6,5,20000,100000,1781,0.01781,0.98219,0.01568387168754671,94.833,33.727299644000595,29.904784156999085,3.8225154870015103
11,8,9,6,5,20000,100000,1292,0.01292,0.98708,0.016983898054282517,94.11,33.40595608399599,29.902677648991812,3.5032784350041766
11,9,9,6,5,20000,100000,1670,0.0167,0.9833,0.023968545778170636,92.136,33.750774356973125,29.901860083977226,3.8489142729958985
11,10,9,6,5,20000,100000,1707,0.01707,0.98293,0.015004935447107189,94.947,34.21591592000914,29.898854950006353,4.317060970002785
11,11,9,6,5,20000,100000,1559,0.01559,0.98441,0.014476405013001414,95.236,34.40862257499248,29.900655409990577,4.507967165001901
11,12,9,6,5,20000,100000,1523,0.01523,0.98477,0.017719025389994977,94.048,33.56743187800748,29.900584565999452,3.6668473120080307
11,13,9,6,5,20000,100000,1310,0.0131,0.9869,0.015042871639782096,95.056,33.33072173799155,29.89982038398739,3.4309013540041633
11,14,9,6,5,20000,100000,1180,0.0118,0.9882,0.014467483885168914,95.245,34.19465919001959,29.89756903401576,4.297090156003833
11,15,9,6,5,20000,100000,1384,0.01384,0.98616,0.016990647399586216,94.232,33.2785917329893,29.89849619899178,3.380095533997519
11,16,9,6,5,20000,100000,1140,0.0114,0.9886,0.014853906141578823,94.878,33.92132666998077,29.8959276569949,4.025399012985872
11,17,9,6,5,20000,100000,1243,0.01243,0.98757,0.013026218709297249,95.521,33.211942219000775,29.899976599990623,3.3119656190101523
11,18,9,6,5,20000,100000,1284,0.01284,0.98716,0.014439052228082888,95.063,33.36689771202509,29.899786808004137,3.467110904020956
11,19,9,6,5,20000,100000,1982,0.01982,0.98018,0.018245800705121405,93.994,33.62353193300078,29.900010413985,3.723521519015776
11,20,9,6,5,20000,100000,1258,0.01258,0.98742,0.017415329838484973,94.20700000000001,33.65551553000114,29.900865672010696,3.7546498579904437
11,21,9,6,5,20000,100000,1179,0.01179,0.98821,0.013113666964280159,95.547,33.32135724998079,29.90528140697279,3.4160758430080023
11,22,9,6,5,20000,100000,1254,0.01254,0.98746,0.015031342114063975,94.932,33.385666599002434,29.902525807003258,3.483140791999176
11,23,9,6,5,20000,100000,1951,0.01951,0.98049,0.019938048007957603,93.45700000000001,33.247689398995135,29.902006656018784,3.3456827429763507
11,24,9,6,5,20000,100000,1529,0.01529,0.98471,0.02405815844374307,92.043,33.116332703997614,29.90531631698832,3.2110163870092947
11,25,9,6,5,20000,100000,2008,0.02008,0.97992,0.01384915100396894,95.226,33.69412608098355,29.905530290998286,3.7885957899852656
11,26,9,6,5,20000,100000,1394,0.01394,0.98606,0.01641056998077687,94.406,33.573727465001866,29.904983229993377,3.6687442350084893
11,27,9,6,5,20000,100000,1160,0.0116,0.9884,0.015220135642942629,94.775,33.69727344598505,29.903109616978327,3.7941638290067203
11,28,9,6,5,20000,100000,1159,0.01159,0.98841,0.01611343781400346,94.48700000000001,34.253278929012595,29.901417518995004,4.351861410017591
11,29,9,6,5,20000,100000,1282,0.01282,0.98718,0.01450598097678049,95.092,33.37465981001151,29.906895635998808,3.4677641740127
11,30,9,6,5,20000,100000,1015,0.01015,0.98985,0.01297171751345286,95.486,33.426867803995265,29.90847011000733,3.518397693987936
11,31,9,6,5,20000,100000,1152,0.01152,0.98848,0.01590826666949791,94.497,33.48839937400771,29.90414541598875,3.5842539580189623
11,32,9,6,5,20000,100000,1354,0.01354,0.98646,0.017451534677046177,94.139,33.679632505984046,29.906092479010113,3.773540026973933
11,33,9,6,5,20000,100000,1088,0.01088,0.98912,0.01335395884528986,95.58,33.895598820992745,29.90392303300905,3.991675787983695
11,34,9,6,5,20000,100000,1625,0.01625,0.98375,0.014755797279783526,95.107,33.67805927799782,29.90443424601108,3.7736250319867395
11,35,9,6,5,20000,100000,1286,0.01286,0.98714,0.015860253925500126,94.781,33.458940045005875,29.90540446099476,3.553535584011115
11,36,9,6,5,20000,100000,1666,0.01666,0.98334,0.01959312601616654,93.434,33.57690578699112,29.905507396004396,3.671398390986724
11,37,9,6,5,20000,100000,2190,0.0219,0.9781,0.01856194857405249,93.887,33.89918126098928,29.907410729996627,3.991770530992653
11,38,9,6,5,20000,100000,1289,0.01289,0.98711,0.013970345017461238,95.229,33.57446482198429,29.903086818987504,3.6713780029967893
11,39,9,6,5,20000,100000,1493,0.01493,0.98507,0.015939186360423144,94.627,33.60634100998868,29.900391990988282,3.7059490190004
11,40,9,6,5,20000,100000,1619,0.01619,0.98381,0.02138118279407545,92.699,33.67326505598612,29.902171122987056,3.771093932999065
11,41,9,6,5,20000,100000,1489,0.01489,0.98511,0.017272591014520042,94.09100000000001,33.490130831021816,29.904815659014275,3.5853151720075402
11,42,9,6,5,20000,100000,1739,0.01739,0.98261,0.01859921393096586,93.925,33.780629466986284,29.90447864300222,3.8761508239840623
11,43,9,6,5,20000,100000,3167,0.03167,0.96833,0.015611479990662525,94.59100000000001,33.36719788998016,29.903473996993853,3.463723892986309
11,44,9,6,5,20000,100000,2669,0.02669,0.97331,0.02044994913437954,93.09400000000001,33.43862239399459,29.900537584995618,3.538084808998974
11,45,9,6,5,20000,100000,1775,0.01775,0.98225,0.019610998241971357,93.287,33.23322855800507,29.902490292995935,3.3307382650091313
11,46,9,6,5,20000,100000,3468,0.03468,0.96532,0.016265666905158068,94.378,34.35650829001679,29.9021386350214,4.454369654995389
11,47,9,6,5,20000,100000,1456,0.01456,0.98544,0.016344110978817637,94.35600000000001,33.30338131901226,29.90171793900663,3.4016633800056297
11,48,9,6,5,20000,100000,1581,0.01581,0.98419,0.015530901669694262,94.764,33.286834862985415,29.903117212001234,3.383717650984181
11,49,9,6,5,20000,100000,1404,0.01404,0.98596,0.021700894787787077,92.874,33.465249413013225,29.899975603999337,3.5652738090138882
